title,genres
Father of the Bride Part II (1995),Comedy
Sudden Death (1995),Action
Nixon (1995),Drama
Four Rooms (1995),Comedy
Ace Ventura: When Nature Calls (1995),Comedy
Othello (1995),Drama
Dangerous Minds (1995),Drama
"Cry, the Beloved Country (1995)",Drama
Restoration (1995),Drama
Georgia (1995),Drama
Home for the Holidays (1995),Drama
Mr. Holland's Opus (1995),Drama
Bio-Dome (1996),Comedy
Friday (1995),Comedy
Fair Game (1995),Action
Nico Icon (1995),Documentary
Black Sheep (1996),Comedy
Heidi Fleiss: Hollywood Madam (1995),Documentary
Mr. Wrong (1996),Comedy
Happy Gilmore (1996),Comedy
Catwalk (1996),Documentary
Anne Frank Remembered (1995),Documentary
"Steal Big, Steal Little (1995)",Comedy
"Boys of St. Vincent, The (1992)",Drama
Flirting With Disaster (1996),Comedy
Jupiter's Wife (1994),Documentary
Jade (1995),Thriller
Down Periscope (1996),Comedy
Man of the Year (1995),Documentary
"Birdcage, The (1996)",Comedy
"Brothers McMullen, The (1995)",Comedy
"Basketball Diaries, The (1995)",Drama
"Awfully Big Adventure, An (1995)",Drama
Beauty of the Day (Belle de jour) (1967),Drama
Crumb (1994),Documentary
Jury Duty (1995),Comedy
Kids (1995),Drama
Living in Oblivion (1995),Comedy
Lord of Illusions (1995),Horror
Nadja (1994),Drama
Party Girl (1995),Comedy
Safe (1995),Thriller
Showgirls (1995),Drama
"To Wong Foo, Thanks for Everything! Julie Newmar (1995)",Comedy
Under Siege 2: Dark Territory (1995),Action
Unzipped (1995),Documentary
White Man's Burden (1995),Drama
"Browning Version, The (1994)",Drama
Burnt by the Sun (Utomlyonnye solntsem) (1994),Drama
Billy Madison (1995),Comedy
"Cure, The (1995)",Drama
Castle Freak (1995),Horror
Clerks (1994),Comedy
Destiny Turns on the Radio (1995),Comedy
Exotica (1994),Drama
Exit to Eden (1994),Comedy
Hideaway (1995),Thriller
Hoop Dreams (1994),Documentary
Houseguest (1994),Comedy
"Hunted, The (1995)",Action
Jefferson in Paris (1995),Drama
"Jerky Boys, The (1995)",Comedy
Little Women (1994),Drama
Ladybird Ladybird (1994),Drama
Major Payne (1995),Comedy
My Crazy Life (Mi vida loca) (1993),Drama
Losing Isaiah (1995),Drama
Man of the House (1995),Comedy
Mixed Nuts (1994),Comedy
Miracle on 34th Street (1994),Drama
Miami Rhapsody (1995),Comedy
My Family (1995),Drama
Nell (1994),Drama
Pushing Hands (Tui shou) (1992),Drama
Priest (1994),Drama
Quiz Show (1994),Drama
Ready to Wear (Pret-A-Porter) (1994),Comedy
Three Colors: Red (Trois couleurs: Rouge) (1994),Drama
Three Colors: Blue (Trois couleurs: Bleu) (1993),Drama
Rent-a-Kid (1995),Comedy
Stuart Saves His Family (1995),Comedy
Strawberry and Chocolate (Fresa y chocolate) (1993),Drama
National Lampoon's Senior Trip (1995),Comedy
To Live (Huozhe) (1994),Drama
Tom & Viv (1994),Drama
Tommy Boy (1995),Comedy
Vanya on 42nd Street (1994),Drama
What's Eating Gilbert Grape (1993),Drama
Double Happiness (1994),Drama
Muriel's Wedding (1994),Comedy
Ace Ventura: Pet Detective (1994),Comedy
Bullets Over Broadway (1994),Comedy
Cobb (1994),Drama
Higher Learning (1995),Drama
"Wonderful, Horrible Life of Leni Riefenstahl, The (Macht der Bilder: Leni Riefenstahl, Die) (1993)",Documentary
Little Buddha (1993),Drama
Mrs. Parker and the Vicious Circle (1994),Drama
Red Rock West (1992),Thriller
"Man of No Importance, A (1994)",Drama
S.F.W. (1994),Drama
Boys Life (1995),Drama
Federal Hill (1994),Drama
8 Seconds (1994),Drama
"Age of Innocence, The (1993)",Drama
Airheads (1994),Comedy
"Air Up There, The (1994)",Comedy
Being Human (1993),Drama
"Beverly Hillbillies, The (1993)",Comedy
Blink (1994),Thriller
Blue Chips (1994),Drama
"Bronx Tale, A (1993)",Drama
Cabin Boy (1994),Comedy
Clean Slate (1994),Comedy
Cops and Robbersons (1994),Comedy
Dazed and Confused (1993),Comedy
Fatal Instinct (1993),Comedy
Fearless (1993),Drama
Fear of a Black Hat (1994),Comedy
Widows' Peak (1994),Drama
"Fugitive, The (1993)",Thriller
Getting Even with Dad (1994),Comedy
Live Nude Girls (1995),Comedy
House Party 3 (1994),Comedy
"Hudsucker Proxy, The (1994)",Comedy
In the Name of the Father (1993),Drama
Life with Mikey (1993),Comedy
Made in America (1993),Comedy
Malice (1993),Thriller
"Man Without a Face, The (1993)",Drama
In the Realm of the Senses (Ai no corrida) (1976),Drama
Naked (1993),Drama
North (1994),Comedy
Philadelphia (1993),Drama
Poetic Justice (1993),Drama
"Ref, The (1994)",Comedy
"Road to Wellville, The (1994)",Comedy
Robin Hood: Men in Tights (1993),Comedy
Ruby in Paradise (1993),Drama
Rudy (1993),Drama
"Savage Nights (Nuits fauves, Les) (1992)",Drama
Searching for Bobby Fischer (1993),Drama
Short Cuts (1993),Drama
"Simple Twist of Fate, A (1994)",Drama
Sirens (1994),Drama
Six Degrees of Separation (1993),Drama
Sliver (1993),Thriller
"War Room, The (1993)",Documentary
Chasers (1994),Comedy
"Ciao, Professore! (Io speriamo che me la cavo) (1992)",Drama
Princess Caraboo (1994),Drama
"Celluloid Closet, The (1995)",Documentary
"Brady Bunch Movie, The (1995)",Comedy
"Great Day in Harlem, A (1994)",Documentary
"Pallbearer, The (1996)",Comedy
Ed (1996),Comedy
"Thin Line Between Love and Hate, A (1996)",Comedy
Denise Calls Up (1995),Comedy
Theodore Rex (1995),Comedy
Frisk (1995),Drama
Sgt. Bilko (1996),Comedy
Nelly & Monsieur Arnaud (1995),Drama
Moll Flanders (1996),Drama
Eddie (1996),Comedy
Fear (1996),Thriller
Kids in the Hall: Brain Candy (1996),Comedy
Bloodsport 2 (a.k.a. Bloodsport II: The Next Kumite) (1996),Action
Song of the Little Road (Pather Panchali) (1955),Drama
"World of Apu, The (Apur Sansar) (1959)",Drama
"Run of the Country, The (1995)",Drama
It's My Party (1996),Drama
Delta of Venus (1995),Drama
Angus (1995),Comedy
Boys (1996),Drama
Sunset Park (1996),Drama
Celtic Pride (1996),Comedy
Multiplicity (1996),Comedy
"Haunted World of Edward D. Wood Jr., The (1996)",Documentary
"Great White Hype, The (1996)",Comedy
Last Dance (1996),Drama
Cold Comfort Farm (1995),Comedy
Cemetery Man (Dellamorte Dellamore) (1994),Horror
Spy Hard (1996),Comedy
"Stupids, The (1996)",Comedy
Ashes of Time (Dung che sai duk) (1994),Drama
Maya Lin: A Strong Clear Vision (1994),Documentary
I Shot Andy Warhol (1996),Drama
Touki Bouki (1973),Drama
Stealing Beauty (1996),Drama
Kingpin (1996),Comedy
"Unforgettable Summer, An (Un été inoubliable) (1994)",Drama
"Last Klezmer: Leopold Kozlowski, His Life and Music, The (1994)",Documentary
Somebody to Love (1994),Drama
Larger Than Life (1996),Comedy
"Very Brady Sequel, A (1996)",Comedy
"Collector, The (La collectionneuse) (1967)",Drama
"First Wives Club, The (1996)",Comedy
High School High (1996),Comedy
Foxfire (1996),Drama
"Eyes Without a Face (Yeux sans visage, Les) (1959)",Horror
"Spitfire Grill, The (1996)",Drama
Basquiat (1996),Drama
Gone Fishin' (1997),Comedy
Mother Night (1996),Drama
Wild Reeds (Les roseaux sauvages) (1994),Drama
My Favorite Year (1982),Comedy
All About Eve (1950),Drama
"Women, The (1939)",Comedy
Father of the Bride (1950),Comedy
Lost Horizon (1937),Drama
East of Eden (1955),Drama
Mr. Smith Goes to Washington (1939),Drama
Of Human Bondage (1934),Drama
Little Lord Fauntleroy (1936),Drama
Cat on a Hot Tin Roof (1958),Drama
Dangerous Ground (1997),Drama
Picnic (1955),Drama
Michael Collins (1996),Drama
Infinity (1996),Drama
"Chamber, The (1996)",Drama
Cool Runnings (1993),Comedy
"Secret Agent, The (1996)",Drama
Secrets & Lies (1996),Drama
Trees Lounge (1996),Drama
Get on the Bus (1996),Drama
Shadow Conspiracy (1997),Thriller
Jude (1996),Drama
Sleepers (1996),Thriller
Monty Python's Life of Brian (1979),Comedy
"Candidate, The (1972)",Drama
Weekend at Bernie's (1989),Comedy
"Doors, The (1991)",Drama
Glengarry Glen Ross (1992),Drama
Sophie's Choice (1982),Drama
Rebel Without a Cause (1955),Drama
"Streetcar Named Desire, A (1951)",Drama
Children of the Corn IV: The Gathering (1996),Horror
Loser (1991),Comedy
Microcosmos (Microcosmos: Le peuple de l'herbe) (1996),Documentary
"Single Girl, A (Fille seule, La) (1995)",Drama
"Eighth Day, The (Huitième jour, Le) (1996)",Drama
Drunks (1995),Drama
Glory Daze (1995),Drama
"Perfect Candidate, A (1996)",Documentary
On Golden Pond (1981),Drama
"Fog, The (1980)",Horror
Manon of the Spring (Manon des sources) (1986),Drama
Private Benjamin (1980),Comedy
Entertaining Angels: The Dorothy Day Story (1996),Drama
"Line King: The Al Hirschfeld Story, The (1996)",Documentary
When We Were Kings (1996),Documentary
"Return of Martin Guerre, The (Retour de Martin Guerre, Le) (1982)",Drama
"Children Are Watching Us, The (Bambini ci guardano, I) (1944)",Drama
Mina Tannenbaum (1994),Drama
Dear God (1996),Comedy
Best of the Best 3: No Turning Back (1995),Action
Bob Roberts (1992),Comedy
Cinema Paradiso (Nuovo cinema Paradiso) (1989),Drama
Hear My Song (1991),Comedy
My Left Foot (1989),Drama
"Sex, Lies, and Videotape (1989)",Drama
Passion Fish (1992),Drama
"Thin Blue Line, The (1988)",Documentary
Paris Is Burning (1990),Documentary
One Flew Over the Cuckoo's Nest (1975),Drama
Cheech and Chong's Up in Smoke (1978),Comedy
Withnail & I (1987),Comedy
12 Angry Men (1957),Drama
To Kill a Mockingbird (1962),Drama
Amadeus (1984),Drama
Raging Bull (1980),Drama
"Right Stuff, The (1983)",Drama
"Seventh Seal, The (Sjunde inseglet, Det) (1957)",Drama
Local Hero (1983),Comedy
Dead Poets Society (1989),Drama
"Shining, The (1980)",Horror
Cool Hand Luke (1967),Drama
Raise the Red Lantern (Da hong deng long gao gao gua) (1991),Drama
Heathers (1989),Comedy
This Is Spinal Tap (1984),Comedy
Koyaanisqatsi (a.k.a. Koyaanisqatsi: Life Out of Balance) (1983),Documentary
Gandhi (1982),Drama
"Unbearable Lightness of Being, The (1988)",Drama
Real Genius (1985),Comedy
Hype! (1996),Documentary
Female Perversions (1996),Drama
Amityville 1992: It's About Time (1992),Horror
Amityville 3-D (1983),Horror
Amityville: Dollhouse (1996),Horror
Amityville: A New Generation (1993),Horror
Amityville II: The Possession (1982),Horror
"Amityville Curse, The (1990)",Horror
Blood for Dracula (Andy Warhol's Dracula) (1974),Horror
April Fool's Day (1986),Horror
Audrey Rose (1977),Horror
Burnt Offerings (1976),Horror
Cape Fear (1991),Thriller
"Nosferatu (Nosferatu, eine Symphonie des Grauens) (1922)",Horror
Vampire in Venice (Nosferatu a Venezia) (Nosferatu in Venice) (1986),Horror
Sling Blade (1996),Drama
Paradise Lost: The Child Murders at Robin Hood Hills (1996),Documentary
"Preacher's Wife, The (1996)",Drama
Ridicule (1996),Drama
"Crucible, The (1996)",Drama
My Fellow Americans (1996),Comedy
Raising Arizona (1987),Comedy
Bastard Out of Carolina (1996),Drama
Marvin's Room (1996),Drama
Ghosts of Mississippi (1996),Drama
Some Mother's Son (1996),Drama
"Whole Wide World, The (1996)",Drama
Mother (1996),Comedy
"Portrait of a Lady, The (1996)",Drama
Hearts and Minds (1996),Drama
Fierce Creatures (1997),Comedy
Angel Baby (1995),Drama
"Cement Garden, The (1993)",Drama
Meet Wally Sparks (1997),Comedy
Amos & Andrew (1993),Comedy
Prefontaine (1997),Drama
Waiting for Guffman (1996),Comedy
"Pest, The (1997)",Comedy
Vegas Vacation (National Lampoon's Las Vegas Vacation) (1997),Comedy
Liar Liar (1997),Comedy
B*A*P*S (1997),Comedy
Double Team (1997),Action
8 Heads in a Duffel Bag (1997),Comedy
Romy and Michele's High School Reunion (1997),Comedy
Children of the Revolution (1996),Comedy
Broken English (1996),Drama
Fathers' Day (1997),Comedy
"Promise, The (La promesse) (1996)",Drama
Ponette (1996),Drama
Schizopolis (1996),Comedy
"Contempt (Mépris, Le) (1963)",Drama
Out to Sea (1997),Comedy
Love Serenade (1996),Comedy
Career Girls (1997),Drama
Steel (1997),Action
Leave It to Beaver (1997),Comedy
"Kiss Me, Guido (1997)",Comedy
Star Maps (1997),Drama
In & Out (1997),Comedy
Soul Food (1997),Drama
Wishmaster (1997),Horror
"Thousand Acres, A (1997)",Drama
Ulee's Gold (1997),Drama
"Ice Storm, The (1997)",Drama
"Fast, Cheap & Out of Control (1997)",Documentary
Washington Square (1997),Drama
Year of the Horse (1997),Documentary
Hurricane Streets (1997),Drama
Eve's Bayou (1997),Drama
Bean (1997),Comedy
"Rainmaker, The (1997)",Drama
Boogie Nights (1997),Drama
Chairman of the Board (1998),Comedy
"Apostle, The (1997)",Drama
Artemisia (1997),Drama
For Richer or Poorer (1997),Comedy
Stranger in the House (1997),Thriller
"Sweet Hereafter, The (1997)",Drama
Kundun (1997),Drama
Mr. Magoo (1997),Comedy
Senseless (1998),Comedy
Wag the Dog (1997),Comedy
Half Baked (1998),Comedy
"Four Days in September (O Que É Isso, Companheiro?) (1997)",Drama
Spice World (1997),Comedy
Night Flier (1997),Horror
Welcome to Woop-Woop (1997),Comedy
Hush (1998),Thriller
"Cool, Dry Place, A (1998)",Drama
"Odd Couple II, The (1998)",Comedy
My Giant (1998),Comedy
He Got Game (1998),Drama
Krippendorf's Tribe (1998),Comedy
Kurt & Courtney (1998),Documentary
"Real Blonde, The (1997)",Comedy
Taste of Cherry (Ta'm e guilass) (1997),Drama
Character (Karakter) (1997),Drama
Major League: Back to the Minors (1998),Comedy
Clockwatchers (1997),Comedy
"Perfect Murder, A (1998)",Thriller
Beyond Silence (Jenseits der Stille) (1996),Drama
Dr. Dolittle (1998),Comedy
Whatever (1998),Drama
"Life of Emile Zola, The (1937)",Drama
"Lost Weekend, The (1945)",Drama
Gentleman's Agreement (1947),Drama
Hamlet (1948),Drama
All the King's Men (1949),Drama
"Man for All Seasons, A (1966)",Drama
Midnight Cowboy (1969),Drama
Rocky (1976),Drama
Kramer vs. Kramer (1979),Drama
Ordinary People (1980),Drama
Chariots of Fire (1981),Drama
"Last Emperor, The (1987)",Drama
Rain Man (1988),Drama
Driving Miss Daisy (1989),Drama
Metropolitan (1990),Comedy
"Nightmare on Elm Street 2: Freddy's Revenge, A (1985)",Horror
"Nightmare on Elm Street 5: The Dream Child, A (1989)",Horror
"Freddy's Dead: The Final Nightmare (Nightmare on Elm Street Part 6: Freddy's Dead, A) (1991)",Horror
Friday the 13th Part 2 (1981),Horror
Friday the 13th Part 3: 3D (1982),Horror
Friday the 13th Part IV: The Final Chapter (1984),Horror
Friday the 13th Part V: A New Beginning (1985),Horror
Friday the 13th Part VI: Jason Lives (1986),Horror
Friday the 13th Part VII: The New Blood (1988),Horror
Friday the 13th Part VIII: Jason Takes Manhattan (1989),Horror
Halloween (1978),Horror
Halloween II (1981),Horror
Halloween III: Season of the Witch (1982),Horror
Halloween 4: The Return of Michael Myers (1988),Horror
Halloween 5: The Revenge of Michael Myers (1989),Horror
Prom Night (1980),Horror
Prom Night IV: Deliver Us From Evil (1992),Horror
Exorcist II: The Heretic (1977),Horror
"Exorcist III, The (1990)",Horror
Polish Wedding (1998),Comedy
"Last Temptation of Christ, The (1988)",Drama
BASEketball (1998),Comedy
Roger & Me (1989),Documentary
"Trip to Bountiful, The (1985)",Drama
And the Band Played On (1993),Drama
"'burbs, The (1989)",Comedy
Fandango (1985),Comedy
Tex (1982),Drama
"Jerk, The (1979)",Comedy
"Man with Two Brains, The (1983)",Comedy
"Outsiders, The (1983)",Drama
"Dead Zone, The (1983)",Thriller
Maximum Overdrive (1986),Horror
Autumn Sonata (Höstsonaten) (1978),Drama
Who's Afraid of Virginia Woolf? (1966),Drama
"Gods Must Be Crazy II, The (1989)",Comedy
Dead Man on Campus (1998),Comedy
Frenzy (1972),Thriller
Topaz (1969),Thriller
Torn Curtain (1966),Thriller
I Confess (1953),Thriller
54 (1998),Drama
Why Do Fools Fall In Love? (1998),Drama
Dirty Work (1998),Comedy
Knock Off (1998),Action
"Paradine Case, The (1947)",Drama
Jamaica Inn (1939),Drama
Sabotage (1936),Thriller
Secret Agent (1936),Thriller
"Ring, The (1927)",Drama
Rounders (1998),Drama
Simon Birch (1998),Drama
My Bodyguard (1980),Drama
Class (1983),Comedy
Married to the Mob (1988),Comedy
My Blue Heaven (1990),Comedy
Young Doctors in Love (1982),Comedy
One Crazy Summer (1986),Comedy
Permanent Midnight (1998),Drama
One True Thing (1998),Drama
"Sheltering Sky, The (1990)",Drama
"Fiendish Plot of Dr. Fu Manchu, The (1980)",Comedy
"Impostors, The (1998)",Comedy
"Night at the Roxbury, A (1998)",Comedy
Strangeland (1998),Thriller
"Producers, The (1968)",Comedy
My Cousin Vinny (1992),Comedy
Love Is the Devil (1998),Drama
Holy Man (1998),Comedy
"Mighty, The (1998)",Drama
2010: The Year We Make Contact (1984),Sci-Fi
Children of a Lesser God (1986),Drama
"Elephant Man, The (1980)",Drama
Beloved (1998),Drama
"Cruise, The (1998)",Documentary
Orgazmo (1997),Comedy
Gods and Monsters (1998),Drama
"Waterboy, The (1998)",Comedy
Elizabeth (1998),Drama
Velvet Goldmine (1998),Drama
"Pope of Greenwich Village, The (1984)",Drama
Sid and Nancy (1986),Drama
Heart Condition (1990),Comedy
"Nights of Cabiria (Notti di Cabiria, Le) (1957)",Drama
Celebrity (1998),Comedy
Central Station (Central do Brasil) (1998),Drama
Waking Ned Devine (a.k.a. Waking Ned) (1998),Comedy
"Celebration, The (Festen) (1998)",Drama
Pink Flamingos (1972),Comedy
Glen or Glenda (1953),Drama
Fletch Lives (1989),Comedy
"Money Pit, The (1986)",Comedy
Little Voice (1998),Comedy
Back to School (1986),Comedy
Nothing in Common (1986),Comedy
"Karate Kid, The (1984)",Drama
Christmas Vacation (National Lampoon's Christmas Vacation) (1989),Comedy
Stepmom (1998),Drama
"Civil Action, A (1998)",Drama
Hurlyburly (1998),Drama
Affliction (1997),Drama
Hilary and Jackie (1998),Drama
At First Sight (1999),Drama
"Gate, The (1987)",Horror
"Texas Chainsaw Massacre, The (1974)",Horror
"Texas Chainsaw Massacre 2, The (1986)",Horror
Texas Chainsaw Massacre: The Next Generation (a.k.a. The Return of the Texas Chainsaw Massacre) (1994),Horror
Ruthless People (1986),Comedy
Deadly Friend (1986),Horror
Tough Guys (1986),Comedy
Soul Man (1986),Comedy
"Color of Money, The (1986)",Drama
"Harmonists, The (1997)",Drama
"Last Days, The (1998)",Documentary
Jawbreaker (1999),Comedy
October Sky (1999),Drama
"Apple, The (Sib) (1998)",Drama
"Ballad of Narayama, The (Narayama bushiko) (1983)",Drama
Pet Sematary (1989),Horror
Children of the Corn II: The Final Sacrifice (1993),Horror
Children of the Corn III (1994),Horror
Christine (1983),Horror
Night Shift (1982),Comedy
Airport (1970),Drama
Airport '77 (1977),Drama
Meteor (1979),Sci-Fi
Avalanche (1978),Action
Dancemaker (1998),Documentary
Analyze This (1999),Comedy
Cruel Intentions (1999),Drama
"Deep End of the Ocean, The (1999)",Drama
"Rage: Carrie 2, The (1999)",Horror
My Boyfriend's Back (1993),Comedy
Baby Geniuses (1999),Comedy
Dangerous Beauty (1998),Drama
EDtv (1999),Comedy
"Out-of-Towners, The (1999)",Comedy
"Dreamlife of Angels, The (Vie rêvée des anges, La) (1998)",Drama
Hideous Kinky (1998),Drama
"Monster, The (Mostro, Il) (1994)",Comedy
Pushing Tin (1999),Comedy
Election (1999),Comedy
"King of Masks, The (Bian Lian) (1996)",Drama
"Winslow Boy, The (1999)",Drama
"Castle, The (1997)",Comedy
Trippin' (1999),Comedy
Besieged (a.k.a. L' Assedio) (1998),Drama
"Mummy, The (1959)",Horror
Mommie Dearest (1981),Drama
Dracula (1931),Horror
Frankenstein Meets the Wolf Man (1943),Horror
"Curse of Frankenstein, The (1957)",Horror
Howling II: Your Sister Is a Werewolf (1985),Horror
It Came from Outer Space (1953),Sci-Fi
Earth vs. the Flying Saucers (1956),Sci-Fi
Limbo (1999),Drama
"Legend of 1900, The (a.k.a. The Legend of the Pianist on the Ocean) (Leggenda del pianista sull'oceano) (1998)",Drama
Trekkies (1997),Documentary
Big Daddy (1999),Comedy
"Boys, The (1998)",Drama
"Dinner Game, The (Dîner de cons, Le) (1998)",Comedy
Zone 39 (1997),Sci-Fi
Summer of Sam (1999),Drama
Arlington Road (1999),Thriller
Drop Dead Gorgeous (1999),Comedy
Twin Falls Idaho (1999),Drama
Brighton Beach Memoirs (1986),Comedy
"Color Purple, The (1985)",Drama
Native Son (1986),Drama
Otello (1986),Drama
"Mission, The (1986)",Drama
Deadtime Stories (1987),Horror
Frances (1982),Drama
Dick (1999),Comedy
Bowfinger (1999),Comedy
Brokedown Palace (1999),Drama
Detroit Rock City (1999),Comedy
Head On (1998),Drama
Heaven Can Wait (1978),Comedy
Pit and the Pendulum (1961),Horror
"Masque of the Red Death, The (1964)",Horror
Haunted Honeymoon (1986),Comedy
Cat's Eye (1985),Horror
Monty Python's And Now for Something Completely Different (1971),Comedy
Damien: Omen II (1978),Horror
Airplane! (1980),Comedy
Airplane II: The Sequel (1982),Comedy
National Lampoon's Vacation (1983),Comedy
Funny Farm (1988),Comedy
Problem Child 2 (1991),Comedy
"Source, The (1999)",Documentary
Aces: Iron Eagle III (1992),Action
Hamlet (1964),Drama
"Muse, The (1999)",Comedy
Outside Providence (1999),Comedy
West Beirut (West Beyrouth) (1998),Drama
"Othello (Tragedy of Othello: The Moor of Venice, The) (1952)",Drama
"Soldier's Story, A (1984)",Drama
I Saw What You Did (1965),Thriller
Blue Streak (1999),Comedy
Caligula (1979),Drama
Sugar Town (1999),Comedy
"Buddy Holly Story, The (1978)",Drama
Fright Night Part II (1988),Horror
Barefoot in the Park (1967),Comedy
Hell Night (1981),Horror
Jakob the Liar (1999),Drama
"Happy, Texas (1999)",Comedy
Superstar (1999),Comedy
Boys Don't Cry (1999),Drama
Risky Business (1983),Comedy
Ferris Bueller's Day Off (1986),Comedy
"Conformist, The (Conformista, Il) (1970)",Drama
"Razor's Edge, The (1984)",Drama
Return with Honor (1998),Documentary
Days of Heaven (1978),Drama
"Palm Beach Story, The (1942)",Comedy
Julien Donkey-Boy (1999),Drama
"Omega Code, The (1999)",Action
Bringing Out the Dead (1999),Drama
Body Shots (1999),Drama
"Ipcress File, The (1965)",Thriller
On Any Sunday (1971),Documentary
Melvin and Howard (1980),Drama
Music of the Heart (1999),Drama
My Best Fiend (Mein liebster Feind) (1999),Documentary
"Bone Collector, The (1999)",Thriller
American Movie (1999),Documentary
Rosetta (1999),Drama
"They Shoot Horses, Don't They? (1969)",Drama
Bustin' Loose (1981),Comedy
Coma (1978),Thriller
Creepshow (1982),Horror
Creepshow 2 (1987),Horror
"Funhouse, The (1981)",Horror
"Taming of the Shrew, The (1967)",Comedy
Repossessed (1990),Comedy
"Face in the Crowd, A (1957)",Drama
Trading Places (1983),Comedy
Meatballs (1979),Comedy
Meatballs Part II (1984),Comedy
Meatballs III (1987),Comedy
Meatballs 4 (1992),Comedy
Under the Rainbow (1981),Comedy
Felicia's Journey (1999),Thriller
Where's Marlowe? (1998),Comedy
Irma la Douce (1963),Comedy
42 Up (1998),Documentary
Liberty Heights (1999),Drama
All About My Mother (Todo sobre mi madre) (1999),Drama
Bicycle Thieves (a.k.a. The Bicycle Thief) (a.k.a. The Bicycle Thieves) (Ladri di biciclette) (1948),Drama
Matewan (1987),Drama
"Grapes of Wrath, The (1940)",Drama
My Man Godfrey (1957),Comedy
"Natural, The (1984)",Drama
"River Runs Through It, A (1992)",Drama
"River, The (1984)",Drama
Places in the Heart (1984),Drama
'night Mother (1986),Drama
Flawless (1999),Drama
"Distinguished Gentleman, The (1992)",Comedy
"End of the Affair, The (1999)",Drama
"Great Santini, The (1979)",Drama
Stealing Home (1988),Drama
"Two Jakes, The (1990)",Drama
Cradle Will Rock (1999),Drama
Deuce Bigalow: Male Gigolo (1999),Comedy
"Cider House Rules, The (1999)",Drama
"Last Picture Show, The (1971)",Drama
"Emperor and the Assassin, The (Jing ke ci qin wang) (1999)",Drama
Magnolia (1999),Drama
Room at the Top (1959),Drama
Any Given Sunday (1999),Drama
Next Friday (2000),Comedy
"Hurricane, The (1999)",Drama
Angela's Ashes (1999),Drama
Titus (1999),Drama
"Mr. Death: The Rise and Fall of Fred A. Leuchter, Jr. (1999)",Documentary
"Third Miracle, The (1999)",Drama
Snow Falling on Cedars (1999),Drama
"Girl, Interrupted (1999)",Drama
"Terrorist, The (a.k.a. Malli) (Theeviravaathi) (1998)",Drama
Five Easy Pieces (1970),Drama
Dead Calm (1989),Thriller
"Cry in the Dark, A (1988)",Drama
American Flyers (1985),Drama
"Star Is Born, A (1937)",Drama
"Draughtsman's Contract, The (1982)",Drama
"Zed & Two Noughts, A (1985)",Drama
Woman in the Dunes (Suna no onna) (1964),Drama
"Odessa File, The (1974)",Thriller
Where the Buffalo Roam (1980),Comedy
Eye of the Beholder (1999),Thriller
"Big Tease, The (1999)",Comedy
"Cup, The (Phörpa) (1999)",Comedy
Encino Man (1992),Comedy
Malcolm X (1992),Drama
Sister Act 2: Back in the Habit (1993),Comedy
Alive (1993),Drama
Scent of a Woman (1992),Drama
Wayne's World (1992),Comedy
Wayne's World 2 (1993),Comedy
Howards End (1992),Drama
Of Mice and Men (1992),Drama
Gun Shy (2000),Comedy
"Baby, The (1973)",Horror
"Brandon Teena Story, The (1998)",Documentary
Minnie and Moskowitz (1971),Action
Snow Day (2000),Comedy
Not One Less (Yi ge dou bu neng shao) (1999),Drama
Eaten Alive (1977),Horror
Raining Stones (1993),Drama
To Sir with Love (1967),Drama
Beautiful People (1999),Comedy
Black Tar Heroin: The Dark End of the Street (2000),Documentary
"Circus, The (1928)",Comedy
Class Reunion (1982),Comedy
Drowning Mona (2000),Comedy
Beyond the Mat (1999),Documentary
My Tutor (1983),Drama
For All Mankind (1989),Documentary
Born Yesterday (1950),Comedy
Blood Feast (1963),Horror
"Raisin in the Sun, A (1961)",Drama
Mission to Mars (2000),Sci-Fi
Daughters of the Dust (1991),Drama
"Ogre, The (Unhold, Der) (1996)",Drama
On the Beach (1959),Drama
Volunteers (1985),Comedy
Who's That Girl? (1987),Comedy
She-Devil (1989),Comedy
Nadine (1987),Comedy
Erin Brockovich (2000),Drama
"Mirror, The (Zerkalo) (1975)",Drama
Animal House (1978),Comedy
School Daze (1988),Drama
Do the Right Thing (1989),Drama
"Champ, The (1979)",Drama
Bloodsport (1988),Action
"Good Earth, The (1937)",Drama
"Good Mother, The (1988)",Drama
Grumpy Old Men (1993),Comedy
Guess Who's Coming to Dinner (1967),Drama
"Color of Paradise, The (Rang-e khoda) (1999)",Drama
"Hustler, The (1961)",Drama
Inherit the Wind (1960),Drama
Jonah Who Will Be 25 in the Year 2000 (Jonas qui aura 25 ans en l'an 2000) (1976),Comedy
"Bamba, La (1987)",Drama
"Skulls, The (2000)",Thriller
Madame Sousatzka (1988),Drama
Max Dugan Returns (1983),Comedy
Midnight Express (1978),Drama
My Life (1993),Drama
"Odd Couple, The (1968)",Comedy
Ready to Rumble (2000),Comedy
Joe Gould's Secret (2000),Drama
Bachelor Party (1984),Comedy
28 Days (2000),Drama
East is East (1999),Comedy
"Filth and the Fury, The (2000)",Documentary
Shakes the Clown (1992),Comedy
The Hunger (1983),Horror
Caddyshack (1980),Comedy
Up at the Villa (2000),Drama
Human Traffic (1999),Comedy
Inferno (1980),Horror
Screwed (2000),Comedy
Whipped (2000),Comedy
Regret to Inform (1998),Documentary
Road Trip (2000),Comedy
"Hollywood Knights, The (1980)",Comedy
"Twelve Chairs, The (1970)",Comedy
Better Living Through Circuitry (1999),Documentary
8 ½ Women (a.k.a. 8 1/2 Women) (a.k.a. Eight and a Half Women) (1999),Comedy
Seven Days in May (1964),Thriller
Vagabond (Sans toit ni loi) (1985),Drama
"Woman of Paris, A (1923)",Drama
Big Momma's House (2000),Comedy
American Gigolo (1980),Drama
"City of the Living Dead (a.k.a. Gates of Hell, The) (Paura nella città dei morti viventi) (1980)",Horror
"Endless Summer, The (1966)",Documentary
Blow-Out (La grande bouffe) (1973),Drama
Stay Tuned (1992),Comedy
Baraka (1992),Documentary
"Man with the Golden Arm, The (1955)",Drama
"Decline of Western Civilization Part II: The Metal Years, The (1988)",Documentary
Porky's (1982),Comedy
Porky's II: The Next Day (1983),Comedy
Porky's Revenge (1985),Comedy
Private School (1983),Comedy
Sleepwalkers (1992),Horror
Sarafina! (1992),Drama
Soapdish (1991),Comedy
"Long Walk Home, The (1990)",Drama
Clara's Heart (1988),Drama
Sunshine (1999),Drama
Hamlet (1990),Drama
"Fury, The (1978)",Horror
"Paper Chase, The (1973)",Drama
"Ace in the Hole (Big Carnival, The) (1951)",Drama
"Sugarland Express, The (1974)",Drama
Butterfly (La lengua de las mariposas) (1999),Drama
Jesus' Son (1999),Drama
"Golden Bowl, The (2000)",Drama
"Kentucky Fried Movie, The (1977)",Comedy
Thunderbolt and Lightfoot (1974),Action
House Party (1990),Comedy
But I'm a Cheerleader (1999),Comedy
Shower (Xizao) (1999),Comedy
"Pawnbroker, The (1964)",Drama
Groove (2000),Drama
Footloose (1984),Drama
"Five Senses, The (1999)",Drama
"In Crowd, The (2000)",Thriller
What About Bob? (1991),Comedy
Everything You Always Wanted to Know About Sex * But Were Afraid to Ask (1972),Comedy
Interiors (1978),Drama
Love and Death (1975),Comedy
"Official Story, The (La historia oficial) (1985)",Drama
Tampopo (1985),Comedy
Nutty Professor II: The Klumps (2000),Comedy
Wonderland (1999),Drama
Saving Grace (2000),Comedy
"Black Sabbath (Tre volti della paura, I) (1963)",Horror
"Crush, The (1993)",Thriller
Phantasm III: Lord of the Dead (1994),Horror
Phantasm IV: Oblivion (1998),Horror
Pumpkinhead (1988),Horror
Sleepaway Camp (1983),Horror
Steel Magnolias (1989),Drama
And God Created Woman (Et Dieu... créa la femme) (1956),Drama
Easy Money (1983),Comedy
"Ilsa, She Wolf of the SS (1974)",Horror
I'm the One That I Want (2000),Comedy
"Tao of Steve, The (2000)",Comedy
Bless the Child (2000),Thriller
Cecil B. DeMented (2000),Comedy
"Eyes of Tammy Faye, The (2000)",Documentary
"Replacements, The (2000)",Comedy
About Adam (2000),Comedy
"Naked Gun 2 1/2: The Smell of Fear, The (1991)",Comedy
Our Town (1940),Drama
"Suddenly, Last Summer (1959)",Drama
Bring It On (2000),Comedy
"Crew, The (2000)",Comedy
Solas (1999),Drama
Almost Famous (2000),Drama
Urban Legends: Final Cut (2000),Horror
Best in Show (2000),Comedy
"Broken Hearts Club, The (2000)",Drama
Girlfight (2000),Drama
Remember the Titans (2000),Drama
Hellraiser (1987),Horror
Hellbound: Hellraiser II (1988),Horror
Hellraiser III: Hell on Earth (1992),Horror
Bikini Beach (1964),Comedy
"Bank Dick, The (1940)",Comedy
"Slumber Party Massacre, The (1982)",Horror
Slumber Party Massacre II (1987),Horror
Slumber Party Massacre III (1990),Horror
Sorority House Massacre (1986),Horror
Sorority House Massacre II (1990),Horror
Bamboozled (2000),Comedy
Meet the Parents (2000),Comedy
Requiem for a Dream (2000),Drama
Tigerland (2000),Drama
Two Family House (2000),Drama
"Ladies Man, The (2000)",Comedy
Billy Jack Goes to Washington (1977),Drama
Billy Elliot (2000),Drama
Bedazzled (2000),Comedy
Pay It Forward (2000),Drama
Little Nicky (2000),Comedy
Men of Honor (2000),Drama
One Day in September (1999),Documentary
Proof of Life (2000),Drama
"Planes, Trains & Automobiles (1987)",Comedy
She's Having a Baby (1988),Comedy
Wall Street (1987),Drama
Talk Radio (1988),Drama
Brewster's Millions (1985),Comedy
Pollock (2000),Drama
Finding Forrester (2000),Drama
"Gift, The (2000)",Thriller
Before Night Falls (2000),Drama
Cast Away (2000),Drama
Dracula 2000 (2000),Horror
"Everlasting Piece, An (2000)",Comedy
Don't Tell Mom the Babysitter's Dead (1991),Comedy
Friendly Persuasion (1956),Drama
Panic (2000),Drama
Sugar & Spice (2001),Comedy
"Legend of Rita, The (Stille nach dem Schuß, Die) (1999)",Drama
Amazing Grace and Chuck (1987),Drama
Baby Boom (1987),Comedy
Back to the Beach (1987),Comedy
Best Seller (1987),Thriller
Born in East L.A. (1987),Comedy
Cop (1988),Thriller
Ernest Goes to Camp (1987),Comedy
"Fourth Protocol, The (1987)",Thriller
"Glass Menagerie, The (1987)",Drama
Hiding Out (1987),Comedy
Hollywood Shuffle (1987),Comedy
Hope and Glory (1987),Drama
Ishtar (1987),Comedy
Less Than Zero (1987),Drama
"Like Father, Like Son (1987)",Comedy
Vatel (2000),Drama
Company Man (2000),Comedy
"Caveman's Valentine, The (2001)",Drama
15 Minutes (2001),Thriller
Long Night's Journey Into Day (2000),Documentary
Avalon (1990),Drama
Of Mice and Men (1939),Drama
Tapeheads (1988),Comedy
Lilies of the Field (1963),Drama
"Greatest Story Ever Told, The (1965)",Drama
Elmer Gantry (1960),Drama
Real Life (1979),Comedy
Battle Beyond the Stars (1980),Sci-Fi
Double Impact (1991),Action
Fuzz (1972),Drama
Losin' It (1983),Comedy
Reversal of Fortune (1990),Drama
Revenge of the Nerds (1984),Comedy
Revenge of the Nerds II: Nerds in Paradise (1987),Comedy
4 Little Girls (1997),Documentary
Girls Just Want to Have Fun (1985),Comedy
"Longest Yard, The (1974)",Comedy
Necessary Roughness (1991),Comedy
"Dish, The (2001)",Comedy
Tomcats (2001),Comedy
Keep the River on Your Right: A Modern Cannibal Tale (2000),Documentary
"Gleaners & I, The (Les glaneurs et la glaneuse) (2000)",Documentary
Josie and the Pussycats (2001),Comedy
"Circle, The (Dayereh) (2000)",Drama
Freddy Got Fingered (2001),Comedy
"Center of the World, The (2001)",Drama
"Visit, The (2000)",Drama
Days of Wine and Roses (1962),Drama
One Night at McCool's (2001),Comedy
Town & Country (2001),Comedy
Under the Sand (2000),Drama
Lost in America (1985),Comedy
Triumph of the Will (Triumph des Willens) (1934),Documentary
Frankie and Johnny (1966),Comedy
Norma Rae (1979),Drama
Summer Rental (1985),Comedy
Pelle the Conqueror (Pelle erobreren) (1987),Drama
Bread and Roses (2000),Drama
Startup.com (2001),Documentary
"Man Who Cried, The (2000)",Drama
Ice Castles (1978),Drama
Eight Men Out (1988),Drama
"Night, The (Notte, La) (1960)",Drama
Yi Yi (2000),Drama
"Animal, The (2001)",Comedy
"Anniversary Party, The (2001)",Drama
"Seven Year Itch, The (1955)",Comedy
Dr. Dolittle 2 (2001),Comedy
Pootie Tang (2001),Comedy
"Closet, The (Placard, Le) (2001)",Comedy
Lumumba (2000),Drama
Kiss of the Dragon (2001),Action
Scary Movie 2 (2001),Comedy
Lost and Delirious (2001),Drama
Another Woman (1988),Drama
Dr. Goldfoot and the Bikini Machine (1965),Comedy
"Fall of the House of Usher, The (House of Usher) (1960)",Horror
September (1987),Drama
"Barefoot Contessa, The (1954)",Drama
Cries and Whispers (Viskningar och rop) (1972),Drama
"Garden of the Finzi-Continis, The (Giardino dei Finzi-Contini, Il) (1970)",Drama
"Lion in Winter, The (1968)",Drama
Moby Dick (1956),Drama
Written on the Wind (1956),Drama
Suspiria (1977),Horror
Christiane F. (a.k.a. We Children from Bahnhof Zoo) (Christiane F. - Wir Kinder vom Bahnhof Zoo) (1981),Drama
Game of Death (1978),Action
Adanggaman (2000),Drama
Made (2001),Comedy
"Accused, The (1988)",Drama
Ariel (1988),Drama
Big Business (1988),Comedy
"Bright Lights, Big City (1988)",Drama
Caddyshack II (1988),Comedy
Camille Claudel (1988),Drama
"Couch Trip, The (1988)",Comedy
Dirty Rotten Scoundrels (1988),Comedy
Feds (1988),Comedy
Gorillas in the Mist (1988),Drama
"Great Outdoors, The (1988)",Comedy
High Spirits (1988),Comedy
Johnny Be Good (1988),Comedy
License to Drive (1988),Comedy
Little Nikita (1988),Drama
Moon Over Parador (1988),Comedy
Red Heat (1988),Action
Running on Empty (1988),Drama
"Serpent and the Rainbow, The (1988)",Horror
Tucker: The Man and His Dream (1988),Drama
Twins (1988),Comedy
Young Einstein (1988),Comedy
Best of the Best (1989),Action
Dad (1989),Drama
"Dream Team, The (1989)",Comedy
Family Business (1989),Comedy
Fat Man and Little Boy (1989),Drama
Great Balls of Fire! (1989),Drama
Jesus of Montreal (Jésus de Montréal) (1989),Drama
Kickboxer (1989),Action
Last Exit to Brooklyn (1989),Drama
Lean on Me (1989),Drama
Let It Ride (1989),Comedy
Little Monsters (1989),Comedy
Loverboy (1989),Comedy
Major League (1989),Comedy
No Holds Barred (1989),Action
"Punisher, The (1989)",Action
Wet Hot American Summer (2001),Comedy
Scenes from the Class Struggle in Beverly Hills (1989),Comedy
She's Out of Control (1989),Comedy
Skin Deep (1989),Comedy
Sweetie (1989),Drama
Troop Beverly Hills (1989),Comedy
UHF (1989),Comedy
Uncle Buck (1989),Comedy
Billy Liar (1963),Comedy
Chocolat (1988),Drama
"Cage aux Folles, La (1978)",Comedy
Theremin: An Electronic Odyssey (1993),Documentary
Any Which Way You Can (1980),Comedy
"Awakening, The (1980)",Horror
American Pie 2 (2001),Comedy
All Over the Guy (2001),Comedy
"Deep End, The (2001)",Drama
Rat Race (2001),Comedy
Bubble Boy (2001),Comedy
"Curse of the Jade Scorpion, The (2001)",Comedy
Jeepers Creepers (2001),Horror
O (2001),Drama
L.I.E. (2001),Drama
Into the Arms of Strangers: Stories of the Kindertransport (2000),Documentary
"Glass House, The (2001)",Thriller
Hardball (2001),Drama
Dinner Rush (2000),Drama
Haiku Tunnel (2001),Comedy
Liam (2000),Drama
"Endurance: Shackleton's Legendary Antarctic Expedition, The (2000)",Documentary
"French Lieutenant's Woman, The (1981)",Drama
Little Man Tate (1991),Drama
13 Ghosts (1960),Horror
"Little Foxes, The (1941)",Drama
Silkwood (1983),Drama
I Never Promised You a Rose Garden (1977),Drama
When Worlds Collide (1951),Sci-Fi
Don't Say a Word (2001),Thriller
Hearts in Atlantis (2001),Drama
Zoolander (2001),Comedy
"Boogeyman, The (1980)",Horror
Coal Miner's Daughter (1980),Drama
Fat Girl (À ma soeur!) (2001),Drama
Bones (2001),Horror
Making the Grade (1984),Comedy
Not Without My Daughter (1991),Drama
"Last Castle, The (2001)",Action
Focus (2001),Drama
Life as a House (2001),Drama
"Town is Quiet, The (Ville est tranquille, La) (2000)",Drama
Domestic Disturbance (2001),Thriller
Tape (2001),Drama
Out Cold (2001),Comedy
In the Bedroom (2001),Drama
MacArthur (1977),Drama
"Cheap Detective, The (1978)",Comedy
That Obscure Object of Desire (Cet obscur objet du désir) (1977),Drama
"Toy, The (1982)",Comedy
"Angry Red Planet, The (1959)",Sci-Fi
"Gauntlet, The (1977)",Action
"Affair of the Necklace, The (2001)",Drama
Pornstar: The Legend of Ron Jeremy (2001),Documentary
"Blue Angel, The (Blaue Engel, Der) (1930)",Drama
Not Another Teen Movie (2001),Comedy
Iris (2001),Drama
Kandahar (Safar e Ghandehar) (2001),Drama
Clockwise (1986),Comedy
How High (2001),Comedy
"Party, The (1968)",Comedy
Ali (2001),Drama
I Am Sam (2001),Drama
"Shipping News, The (2001)",Drama
"Waterdance, The (1992)",Drama
Orange County (2002),Comedy
What Time Is It There? (Ni neibian jidian) (2001),Drama
Blankman (1994),Comedy
Little Dieter Needs to Fly (1997),Documentary
Beijing Bicycle (Shiqi sui de dan che) (2001),Drama
"Son's Room, The (Stanza del figlio, La) (2001)",Drama
Waydowntown (2000),Comedy
Slackers (2002),Comedy
Baby's Day Out (1994),Comedy
Last Orders (2001),Drama
"Bad and the Beautiful, The (1952)",Drama
Designing Woman (1957),Comedy
Scratch (2001),Documentary
"Bad News Bears, The (1976)",Comedy
Wild Strawberries (Smultronstället) (1957),Drama
"Big Bird Cage, The (1972)",Action
"Big Doll House, The (1971)",Action
Zombie (a.k.a. Zombie 2: The Dead Are Among Us) (Zombi 2) (1979),Horror
Hopscotch (1980),Comedy
Little Darlings (1980),Drama
Mon oncle d'Amérique (1980),Drama
"Octagon, The (1980)",Action
"Oh, God! Book II (1980)",Comedy
Harrison's Flowers (2000),Drama
Promises (2001),Documentary
Road to Morocco (1942),Comedy
Taps (1981),Drama
Return of the Secaucus 7 (1980),Drama
Stir Crazy (1980),Comedy
Sorority Boys (2002),Comedy
Stolen Summer (2002),Drama
George Washington (2000),Drama
Panic Room (2002),Thriller
"Rookie, The (2002)",Drama
"Piano Teacher, The (La pianiste) (2001)",Drama
Time Out (L'emploi du temps) (2001),Drama
Boxcar Bertha (1972),Drama
High Crimes (2002),Thriller
National Lampoon's Van Wilder (2002),Comedy
Slap Shot (1977),Comedy
Taking Care of Business (1990),Comedy
Three Men and a Baby (1987),Comedy
"Triumph of Love, The (2001)",Comedy
World Traveler (2001),Drama
Dogtown and Z-Boyz (2001),Documentary
Delirious (1991),Comedy
Full Moon in Blue Water (1988),Drama
Lenny (1974),Drama
Triumph of the Spirit (1989),Drama
Deuces Wild (2002),Drama
"New Guy, The (2002)",Comedy
"Believer, The (2001)",Drama
Every Which Way But Loose (1978),Comedy
"Last Waltz, The (1978)",Documentary
CQ (2001),Drama
Thirteen Conversations About One Thing (a.k.a. 13 Conversations) (2001),Drama
Requiem for a Heavyweight (1962),Drama
Undercover Brother (2002),Comedy
Rapid Fire (1992),Action
"Dangerous Lives of Altar Boys, The (2002)",Drama
"Emperor's New Clothes, The (2001)",Comedy
Caveman (1981),Comedy
Cheech & Chong's The Corsican Brothers (1984),Comedy
Juwanna Mann (2002),Comedy
Sunshine State (2002),Drama
20 Million Miles to Earth (1957),Sci-Fi
Austin Powers in Goldmember (2002),Comedy
"Kid Stays in the Picture, The (2002)",Documentary
Who Is Cletis Tout? (2001),Comedy
Nosferatu the Vampyre (Nosferatu: Phantom der Nacht) (1979),Horror
Red Beard (Akahige) (1965),Drama
Top Secret! (1984),Comedy
Secret Ballot (Raye makhfi) (2001),Comedy
Songs From the Second Floor (Sånger från andra våningen) (2000),Drama
Undisputed (2002),Drama
Down and Out in Beverly Hills (1986),Comedy
Swimfan (2002),Thriller
Johnny Dangerously (1984),Comedy
Barbershop (2002),Comedy
Aspen Extreme (1993),Action
Betsy's Wedding (1990),Comedy
Ernest Goes to Jail (1990),Comedy
Ernest Scared Stupid (1991),Comedy
"Hills Have Eyes, The (1977)",Horror
Invincible (2001),Drama
"Trials of Henry Kissinger, The (2002)",Documentary
Bloody Sunday (2002),Drama
Heaven (2002),Drama
"Man from Elysian Fields, The (2001)",Drama
Flirting (1991),Drama
Powaqqatsi (1988),Documentary
"Pride of the Yankees, The (1942)",Drama
Horror of Dracula (Dracula) (1958),Horror
Strange Brew (1983),Comedy
Below (2002),Horror
White Oleander (2002),Drama
Bowling for Columbine (2002),Documentary
"Grey Zone, The (2001)",Drama
Naqoyqatsi (2002),Documentary
Tully (2000),Drama
Urban Cowboy (1980),Drama
Banana Joe (1981),Comedy
"Chosen, The (1981)",Drama
"Eyewitness (Janitor, The) (1981)",Thriller
My Dinner with André (1981),Drama
Neighbors (1981),Comedy
Polyester (1981),Comedy
Ghost Ship (2002),Horror
All or Nothing (2002),Drama
"World of Henry Orient, The (1964)",Comedy
8 Mile (2002),Drama
Madame Bovary (1991),Drama
Ragtime (1981),Drama
I'm Starting From Three (Ricomincio da Tre) (1981),Comedy
Take This Job and Shove It (1981),Comedy
The Emperor's Club (2002),Drama
Friday After Next (2002),Comedy
Personal Velocity (2002),Drama
New Waterford Girl (1999),Comedy
Android (1982),Sci-Fi
Attila (Attila Flagello di Dio) (1982),Action
"Beast Within, The (1982)",Horror
Burden of Dreams (1982),Documentary
"Hot Chick, The (2002)",Comedy
Evelyn (2002),Drama
Intact (Intacto) (2001),Thriller
Morvern Callar (2002),Drama
Antwone Fisher (2002),Drama
"Children's Hour, The (1961)",Drama
Fat City (1972),Drama
Quicksilver (1986),Drama
Max (2002),Drama
Love Liza (2002),Drama
American Me (1992),Drama
CB4 - The Movie (1993),Comedy
Mystery Date (1991),Comedy
Amen. (2002),Drama
Blind Spot: Hitler's Secretary (Im toten Winkel - Hitlers Sekretärin) (2002),Documentary
Ethan Frome (1993),Drama
Sugar Hill (1994),Drama
Lost in La Mancha (2002),Documentary
Tokyo Decadence (Topâzu) (1992),Drama
Kiss Me Goodbye (1982),Comedy
Dragon Lord (a.k.a. Dragon Strike) (Long Xiao Ye) (1982),Action
Monty Python Live at the Hollywood Bowl (1982),Comedy
Santa Claus Is a Stinker (Le Père Noël est une ordure) (1982),Comedy
Sunless (Sans Soleil) (1983),Documentary
Savannah Smiles (1982),Comedy
They Call Me Bruce? (a.k.a. A Fistful of Chopsticks) (1982),Comedy
Dennis the Menace (1993),Comedy
"Thrill of It All, The (1963)",Comedy
Old School (2003),Comedy
Stone Reader (2002),Documentary
Life Stinks (1991),Comedy
"Meteor Man, The (1993)",Comedy
Bringing Down the House (2003),Comedy
Laurel Canyon (2002),Drama
Nowhere in Africa (Nirgendwo in Afrika) (2001),Drama
"Safety of Objects, The (2001)",Drama
Prozac Nation (2001),Drama
King of Kings (1961),Drama
"Glenn Miller Story, The (1953)",Drama
Salaam Bombay! (1988),Drama
Talent for the Game (1991),Drama
Boat Trip (2003),Comedy
Head of State (2003),Comedy
Stevie (2002),Documentary
Levity (2003),Drama
Anger Management (2003),Comedy
House of 1000 Corpses (2003),Horror
Chasing Papi (a.k.a. Papi Chulo) (2003),Comedy
"Winged Migration (Peuple migrateur, Le) (2001)",Documentary
Beginning of the End (1957),Sci-Fi
I Am Trying to Break Your Heart (2002),Documentary
Sibling Rivalry (1990),Comedy
Wildcats (1986),Comedy
Scenes from a Mall (1991),Comedy
"Decade Under the Influence, A (2003)",Documentary
Manic (2001),Drama
Spellbound (2002),Documentary
Blue Car (2002),Drama
Marooned in Iraq (Gomgashtei dar Aragh) (2002),Drama
"Shape of Things, The (2003)",Drama
Cinemania (2002),Documentary
"In-Laws, The (2003)",Comedy
Gigantic (A Tale of Two Johns) (2002),Documentary
Capturing the Friedmans (2003),Documentary
Together (Han ni Zai Yiki) (2002),Drama
Whale Rider (2002),Drama
Murder on a Sunday Morning (Un coupable idéal) (2001),Documentary
Siam Sunset (1999),Comedy
Car Wash (1976),Comedy
Live Wire (1992),Action
"6th Man, The (Sixth Man, The) (1997)",Comedy
"Man with the Movie Camera, The (Chelovek s kino-apparatom) (1929)",Documentary
This Boy's Life (1993),Drama
From the Terrace (1960),Drama
"Long, Hot Summer, The (1958)",Drama
Man of Aran (1934),Documentary
Music Box (1989),Drama
"Trial, The (Procès, Le) (1962)",Drama
Jubilee (1977),Drama
"Song of Bernadette, The (1943)",Drama
Dumb and Dumberer: When Harry Met Lloyd (2003),Comedy
Ring of Terror (1962),Horror
Anastasia (1956),Drama
"Babe, The (1992)",Drama
Start the Revolution Without Me (1970),Comedy
"What's Up, Doc? (1972)",Comedy
"Legally Blonde 2: Red, White & Blonde (2003)",Comedy
"Embalmer, The (Imbalsamatore, L') (2002)",Drama
Seabiscuit (2003),Drama
"Mondays in the Sun (Lunes al sol, Los) (2002)",Drama
"Kiss Me, Stupid (1964)",Comedy
"One, Two, Three (1961)",Comedy
American Wedding (American Pie 3) (2003),Comedy
"Magdalene Sisters, The (2002)",Drama
"Secret Lives of Dentists, The (2002)",Drama
Step Into Liquid (2002),Documentary
Hawks and Sparrows (Uccellacci e Uccellini) (1966),Comedy
"Gospel According to St. Matthew, The (Vangelo secondo Matteo, Il) (1964)",Drama
Umberto D. (1952),Drama
Brother's Keeper (1992),Documentary
Uptown Girls (2003),Comedy
Hot Dog... The Movie (1984),Comedy
Tokyo Story (Tôkyô monogatari) (1953),Drama
Waco: The Rules of Engagement (1997),Documentary
Ikiru (1952),Drama
Comic Book Villains (2002),Comedy
"Angel at My Table, An (1990)",Drama
Revolution OS (2001),Documentary
Stoked: The Rise and Fall of Gator (2002),Documentary
Once Upon a Time in the Midlands (2002),Drama
Dickie Roberts: Former Child Star (2003),Comedy
Taking Sides (2001),Drama
Children of the Night (1991),Horror
Gotcha! (1985),Comedy
Once Upon a Time in China III (Wong Fei-hung tsi sam: Siwong tsangba) (1993),Action
"Brood, The (1979)",Horror
"Fighting Temptations, The (2003)",Drama
Luther (2003),Drama
Mambo Italiano (2003),Comedy
To Be and to Have (Être et avoir) (2002),Documentary
Life and Debt (2001),Documentary
Judgment at Nuremberg (1961),Drama
"Brief History of Time, A (1991)",Documentary
Kiss of the Spider Woman (1985),Drama
Babette's Feast (Babettes gæstebud) (1987),Drama
Monty Python's The Meaning of Life (1983),Comedy
Tightrope (1984),Thriller
PCU (1994),Comedy
Three O'Clock High (1987),Comedy
More American Graffiti (1979),Comedy
It's Pat (1994),Comedy
Regarding Henry (1991),Drama
"Amazing Transparent Man, The (1960)",Sci-Fi
Campus Man (1987),Comedy
Knife in the Water (Nóz w wodzie) (1962),Drama
"Texas Chainsaw Massacre, The (2003)",Horror
Radio (2003),Drama
Elephant (2003),Drama
Sweet Sixteen (2002),Drama
Alien from L.A. (1988),Sci-Fi
"Eye, The (Gin gwai) (Jian gui) (2002)",Thriller
"Unvanquished, The (Aparajito) (1957)",Drama
"Revolution Will Not Be Televised, The (a.k.a. Chavez: Inside the Coup) (2003)",Documentary
Billabong Odyssey (2003),Documentary
Father of the Bride (1991),Comedy
My Architect: A Son's Journey (2003),Documentary
Tupac: Resurrection (2003),Documentary
Damage (Fatale) (1992),Drama
OT: Our Town (2002),Documentary
Devil's Playground (2002),Documentary
Journeys with George (2002),Documentary
"Ordet (Word, The) (1955)",Drama
"Tale of Two Cities, A (1935)",Drama
"Passion of Joan of Arc, The (Passion de Jeanne d'Arc, La) (1928)",Drama
House of Cards (1993),Drama
King Ralph (1991),Comedy
Lorenzo's Oil (1992),Drama
"Salo, or The 120 Days of Sodom (Salò o le 120 giornate di Sodoma) (1976)",Drama
Summer School (1987),Comedy
Radio Flyer (1992),Drama
"What's New, Pussycat (1965)",Comedy
Mary of Scotland (1936),Drama
Little Women (1949),Drama
Life with Father (1947),Comedy
Birdman of Alcatraz (1962),Drama
"Macbeth (a.k.a. Tragedy of Macbeth, The) (1971)",Drama
"Woman Under the Influence, A (1974)",Drama
"Navigator, The (1924)",Comedy
Jezebel (1938),Drama
"Hunchback of Notre Dame, The (1939)",Drama
Sweet Dreams (1985),Drama
Horse Feathers (1932),Comedy
"Front Page, The (1974)",Comedy
Rivers and Tides (2001),Documentary
Madhouse (1990),Comedy
Grass (1999),Documentary
Spring Forward (1999),Drama
"Summer Place, A (1959)",Drama
My Flesh and Blood (2003),Documentary
Stuck on You (2003),Comedy
Calendar Girls (2003),Comedy
House of Sand and Fog (2003),Drama
Japanese Story (2003),Drama
Aileen: Life and Death of a Serial Killer (2003),Documentary
Crimson Gold (Talaye sorgh) (2003),Drama
Osama (2003),Drama
"Great Gatsby, The (1974)",Drama
Ship of Fools (1965),Drama
Jane Eyre (1970),Drama
Blame It on the Bellboy (1992),Comedy
Only the Strong (1993),Action
Beyond Re-Animator (2003),Horror
Mon Oncle (My Uncle) (1958),Comedy
"M. Hulot’s Holiday (Mr. Hulot's Holiday) (Vacances de Monsieur Hulot, Les) (1953)",Comedy
They Drive by Night (1940),Drama
Pumping Iron (1977),Documentary
"Strada, La (1954)",Drama
"Boy and His Dog, A (1975)",Sci-Fi
Intolerance: Love's Struggle Throughout the Ages (1916),Drama
Where the Day Takes You (1992),Drama
Barbershop 2: Back in Business (2004),Comedy
Miracle (2004),Drama
"Dreamers, The (2003)",Drama
Thirteen (2003),Drama
Welcome to Mooseport (2004),Comedy
Monsieur Ibrahim (Monsieur Ibrahim et les fleurs du Coran) (2003),Drama
Diary of a Country Priest (Journal d'un curé de campagne) (1951),Drama
Raw Deal (1986),Action
Confessions of a Teenage Drama Queen (2004),Comedy
"Passion of the Christ, The (2004)",Drama
Twisted (2004),Thriller
Persona (1966),Drama
"Passion of Anna, The (Passion, En) (1969)",Drama
Just One of the Guys (1985),Comedy
Spartan (2004),Thriller
Broken Wings (Knafayim Shvurot) (2002),Drama
Ned Kelly (2003),Drama
Walking Tall (2004),Action
Scenes From a Marriage (Scener ur ett äktenskap) (1973),Drama
Paper Clips (2004),Documentary
This So-Called Disaster (2003),Documentary
Envy (2004),Comedy
Mean Girls (2004),Comedy
"Mudge Boy, The (2003)",Drama
Watch on the Rhine (1943),Drama
Henry & June (1990),Drama
"Three Faces of Eve, The (1957)",Drama
Kwaidan (Kaidan) (1964),Horror
28 Up (1985),Documentary
Wit (2001),Drama
"Fountainhead, The (1949)",Drama
Desert Hearts (1985),Drama
Chaplin (1992),Drama
"Miracle Worker, The (1962)",Drama
School Ties (1992),Drama
Noises Off... (1992),Comedy
"Witchfinder General (Conquerer Worm, The) (1968)",Horror
"Bells of St. Mary's, The (1945)",Drama
"Delta Force, The (1986)",Action
"Lonely Guy, The (1984)",Comedy
Protocol (1984),Comedy
"Scent of Green Papaya, The (Mùi du du xhan - L'odeur de la papaye verte) (1993)",Drama
Weekend (a.k.a. Le Week-end) (Week End) (1967),Drama
Tuesdays with Morrie (1999),Drama
"Best of Youth, The (La meglio gioventù) (2003)",Drama
"Bang, Bang, You're Dead (2002)",Drama
Twister (1990),Comedy
Genghis Blues (1999),Documentary
"11'09""01 - September 11 (2002)",Drama
"Parallax View, The (1974)",Thriller
Love Crazy (1941),Comedy
Lammbock (2001),Comedy
Notorious C.H.O. (2002),Comedy
The Plague of the Zombies (1966),Horror
Highway 61 (1991),Comedy
Master of the Flying Guillotine (Du bi quan wang da po xue di zi) (1975),Action
Gidget (1959),Comedy
Dark Days (2000),Documentary
Zelig (1983),Comedy
"Silence, The (Tystnaden) (1963)",Drama
Winter Light (Nattvardsgästerna) (1963),Drama
Through a Glass Darkly (Såsom i en spegel) (1961),Drama
The Magician (1958),Drama
Ken Park (2002),Drama
Broadway Danny Rose (1984),Comedy
Robot Jox (1990),Sci-Fi
Dolls (1987),Horror
"Power of One, The (1992)",Drama
"Weather Underground, The (2002)",Documentary
"Spring, Summer, Fall, Winter... and Spring (Bom yeoreum gaeul gyeoul geurigo bom) (2003)",Drama
The Thief (1997),Drama
Sweet Bird of Youth (1962),Drama
Crossroads (1986),Drama
"Seducing Doctor Lewis (Grande séduction, La) (2003)",Comedy
Shock Corridor (1963),Drama
Au revoir les enfants (1987),Drama
Lola Montès (1955),Drama
Lust for Life (1956),Drama
"Dolce Vita, La (1960)",Drama
Sansho the Bailiff (Sanshô dayû) (1954),Drama
Zazie dans le métro (1960),Comedy
Anne of the Thousand Days (1969),Drama
Night of the Living Dead (1990),Horror
3 Women (Three Women) (1977),Drama
Grey Gardens (1975),Documentary
College (1927),Comedy
"Man Who Came to Dinner, The (1942)",Comedy
Make Way for Tomorrow (1937),Drama
Black Narcissus (1947),Drama
Soul Plane (2004),Comedy
Baadasssss! (How to Get the Man's Foot Outta Your Ass) (2003),Drama
"Hunting of the President, The (2004)",Documentary
Napoleon Dynamite (2004),Comedy
"Doctor, The (1991)",Drama
"Dresser, The (1983)",Drama
Father Hood (1993),Comedy
Hello Again (1987),Comedy
Meet the Applegates (1991),Comedy
This Island Earth (1955),Sci-Fi
Blackboard Jungle (1955),Drama
To Each His Own (1946),Drama
Executive Suite (1954),Drama
Johnny Belinda (1948),Drama
"Cincinnati Kid, The (1965)",Drama
"Immigrant, The (1917)",Comedy
Silent Movie (1976),Comedy
Anna Christie (1930),Drama
Dodgeball: A True Underdog Story (2004),Comedy
"Door in the Floor, The (2004)",Drama
Comandante (2003),Documentary
Mayor of the Sunset Strip (2003),Documentary
Our Hospitality (1923),Comedy
"Farmer's Daughter, The (1947)",Comedy
Butterfield 8 (1960),Drama
Fahrenheit 9/11 (2004),Documentary
Secret Society (2002),Comedy
Anchorman: The Legend of Ron Burgundy (2004),Comedy
Long Day's Journey Into Night (1962),Drama
"Bachelor and the Bobby-Soxer, The (1947)",Comedy
Mr. Blandings Builds His Dream House (1948),Comedy
"Snake Pit, The (1948)",Drama
"Super, The (1991)",Comedy
"Day of the Locust, The (1975)",Drama
"Yesterday, Today and Tomorrow (Ieri, oggi, domani) (1963)",Comedy
Unprecedented: The 2000 Presidential Election (2002),Documentary
"Prime of Miss Jean Brodie, The (1969)",Drama
My Voyage to Italy (Il mio viaggio in Italia) (1999),Documentary
"Manchurian Candidate, The (2004)",Thriller
"Story of Women (Affaire de femmes, Une) (1988)",Drama
We Don't Live Here Anymore (2004),Drama
Without a Paddle (2004),Comedy
Who's That Knocking at My Door? (1967),Drama
Camera Buff (Amator) (1979),Drama
"Vitelloni, I (a.k.a. The Young and the Passionate) (1953)",Drama
"Come Back, Little Sheba (1952)",Drama
Mask (1985),Drama
Cannibal Holocaust (1980),Horror
I Heart Huckabees (2004),Comedy
Stage Beauty (2004),Drama
"Country Girl, The (1954)",Drama
Tarnation (2003),Documentary
Surviving Christmas (2004),Comedy
Vera Drake (2004),Drama
Falling Angels (2003),Drama
Lightning in a Bottle (2004),Documentary
Ray (2004),Drama
Callas Forever (2002),Drama
Kinsey (2004),Drama
Finding Neverland (2004),Drama
Guerrilla: The Taking of Patty Hearst (2004),Documentary
I Am David (2003),Drama
Bush's Brain (2004),Documentary
That's Entertainment (1974),Documentary
"Freshman, The (1925)",Comedy
Greed (1924),Drama
Boudu Saved From Drowning (Boudu sauvé des eaux) (1932),Comedy
Stage Door (1937),Drama
Day of Wrath (Vredens dag) (1943),Drama
Great Expectations (1946),Drama
Unfaithfully Yours (1948),Comedy
The Wild One (1953),Drama
When a Woman Ascends the Stairs (Onna ga kaidan wo agaru toki) (1960),Drama
Advise and Consent (1962),Drama
Harakiri (Seppuku) (1962),Drama
Robinson Crusoe on Mars (1964),Sci-Fi
Play Time (a.k.a. Playtime) (1967),Comedy
"Holy Mountain, The (Montaña sagrada, La) (1973)",Drama
"Passenger, The (Professione: reporter) (1975)",Drama
Harlan County U.S.A. (1976),Documentary
Five Deadly Venoms (1978),Action
Boy Meets Girl (1984),Drama
"Times of Harvey Milk, The (1984)",Documentary
Death of a Salesman (1985),Drama
Spies Like Us (1985),Comedy
White Nights (1985),Drama
Club Paradise (1986),Comedy
"Sacrifice, The (Offret - Sacraficatio) (1986)",Drama
Dominick and Eugene (1988),Drama
Life Is a Long Quiet River (La vie est un long fleuve tranquille) (1988),Comedy
Almost an Angel (1990),Comedy
Ju Dou (1990),Drama
"Krays, The (1990)",Drama
Lionheart (1990),Action
35 Up (1991),Documentary
Dutch (1991),Comedy
Hearts of Darkness: A Filmmakers Apocalypse (1991),Documentary
Johnny Stecchino (1991),Comedy
"Stolen Children (Ladro di bambini, Il) (1992)",Drama
Ladybugs (1992),Comedy
Visions of Light: The Art of Cinematography (1992),Documentary
Bad Boy Bubby (1993),Drama
Barbarians at the Gate (1993),Drama
Major League II (1994),Comedy
"Late Shift, The (1996)",Comedy
Gummo (1997),Drama
RKO 281 (1999),Drama
Brave New World (1998),Sci-Fi
Candyman 3: Day of the Dead (1999),Horror
Style Wars (1983),Documentary
"Wind Will Carry Us, The (Bad ma ra khahad bord) (1999)",Drama
Paradise Lost 2: Revelations (2000),Documentary
Late Night Shopping (2001),Comedy
61* (2001),Drama
Ali G Indahouse (2002),Comedy
Dog Days (Hundstage) (2001),Drama
Fubar (2002),Comedy
"Brown Bunny, The (2003)",Drama
Ju-on: The Curse (2000),Horror
Bring It On Again (2004),Comedy
Comic Book: The Movie (2004),Comedy
Intimate Strangers (Confidences trop intimes) (2004),Drama
Down to the Bone (2004),Drama
Ju-on: The Grudge (2002),Horror
Red Lights (Feux rouges) (2004),Drama
"Sea Inside, The (Mar adentro) (2004)",Drama
"Chorus, The (Choristes, Les) (2004)",Drama
Slasher (2004),Documentary
"Bobby Jones, Stroke of Genius (2004)",Drama
"Return, The (Vozvrashcheniye) (2003)",Drama
"Corporation, The (2003)",Documentary
"Yes Men, The (2003)",Documentary
In My Father's Den (2004),Drama
Metallica: Some Kind of Monster (2004),Documentary
Born into Brothels (2004),Documentary
DiG! (2004),Documentary
Riding Giants (2004),Documentary
Outfoxed: Rupert Murdoch's War on Journalism (2004),Documentary
Million Dollar Baby (2004),Drama
"Aviator, The (2004)",Drama
"Woodsman, The (2004)",Drama
Meet the Fockers (2004),Comedy
"Love Song for Bobby Long, A (2004)",Drama
"Merchant of Venice, The (2004)",Drama
"Keys to the House, The (Chiavi di casa, Le) (2004)",Drama
Sweet Liberty (1986),Comedy
Coach Carter (2005),Drama
Boys Town (1938),Drama
Rory O'Shea Was Here (Inside I'm Dancing) (2004),Drama
Nobody Knows (Dare mo shiranai) (2004),Drama
"Marriage of Maria Braun, The (Ehe der Maria Braun, Die) (1979)",Drama
Purple Butterfly (Zi hudie) (2003),Drama
Uncle Nino (2003),Comedy
Sons of the Desert (1933),Comedy
Class Action (1991),Drama
"Oh, God! You Devil (1984)",Comedy
"Agony and the Ecstasy, The (1965)",Drama
Twentieth Century (1934),Comedy
Julia (1977),Drama
Milk and Honey (2003),Drama
"League of Ordinary Gentlemen, A (2004)",Documentary
Greedy (1994),Comedy
"Wild Parrots of Telegraph Hill, The (2003)",Documentary
"Ballad of Jack and Rose, The (2005)",Drama
Beauty Shop (2005),Comedy
Eros (2004),Drama
Tanguy (2001),Comedy
National Lampoon's Lady Killers (National Lampoon's Gold Diggers) (2003),Comedy
Brothers (Brødre) (2004),Drama
Holiday (Jour de fête) (1949),Comedy
Enron: The Smartest Guys in the Room (2005),Documentary
Dear Wendy (2005),Drama
Los Angeles Plays Itself (2003),Documentary
Kicking & Screaming (2005),Comedy
Divorce - Italian Style (Divorzio all'italiana) (1961),Comedy
Rock School (2005),Documentary
Eddie Izzard: Dress to Kill (1999),Comedy
Rize (2005),Documentary
3 Extremes (Three... Extremes) (Saam gaang yi) (2004),Horror
Cop and ½ (1993),Comedy
"March of the Penguins (Marche de l'empereur, La) (2005)",Documentary
Rebound (2005),Comedy
"Beat That My Heart Skipped, The (battre mon coeur s'est arrêté, De) (2005)",Drama
Murderball (2005),Documentary
"Calcium Kid, The (2004)",Comedy
Last Days (2005),Drama
Georgy Girl (1966),Comedy
"Browning Version, The (1951)",Drama
Deuce Bigalow: European Gigolo (2005),Comedy
Grizzly Man (2005),Documentary
Private Resort (1985),Comedy
"Teahouse of the August Moon, The (1956)",Comedy
Proof (2005),Drama
Why We Fight (2005),Documentary
Waiting... (2005),Comedy
"Unfinished Life, An (2005)",Drama
Woyzeck (1979),Drama
Oliver Twist (2005),Drama
"Greatest Game Ever Played, The (2005)",Drama
Darwin's Nightmare (2004),Documentary
No Direction Home: Bob Dylan (2005),Documentary
Goal! The Dream Begins (Goal!) (2005),Drama
Two for the Money (2005),Drama
North Country (2005),Drama
Stay (2005),Thriller
Don't Move (Non ti muovere) (2004),Drama
American Pie Presents: Band Camp (American Pie 4: Band Camp) (2005),Comedy
Manderlay (2005),Drama
Babylon 5,Sci-Fi
C.R.A.Z.Y. (2005),Drama
"Libertine, The (2004)",Drama
Wal-Mart: The High Cost of Low Price (2005),Documentary
"Ringer, The (2005)",Comedy
"Boys of Baraka, The (2005)",Documentary
Hostel (2005),Horror
Grandma's Boy (2006),Comedy
Glory Road (2006),Drama
Last Holiday (2006),Comedy
Looking for Comedy in the Muslim World (2005),Comedy
"World's Fastest Indian, The (2005)",Drama
Annapolis (2006),Drama
London (2005),Drama
Winter Passing (2005),Drama
Unknown White Male (2005),Documentary
Take the Lead (2006),Drama
"Devil and Daniel Johnston, The (2005)",Documentary
Mouchette (1967),Drama
Akeelah and the Bee (2006),Drama
Brainstorm (2001),Drama
This Film Is Not Yet Rated (2006),Documentary
"Benchwarmers, The (2006)",Comedy
Go for Zucker! (Alles auf Zucker!) (2004),Comedy
Secrets of a Soul (Geheimnisse einer Seele) (1926),Drama
9/11 (2002),Documentary
Stick It (2006),Comedy
Peaceful Warrior (2006),Drama
"Notorious Bettie Page, The (2005)",Drama
On a Clear Day (2005),Drama
Nacho Libre (2006),Comedy
"You, Me and Dupree (2006)",Comedy
Clerks II (2006),Comedy
Who Killed the Electric Car? (2006),Documentary
"Inconvenient Truth, An (2006)",Documentary
Stoned (2005),Drama
Metal: A Headbanger's Journey (2005),Documentary
"OH in Ohio, The (2006)",Comedy
Strangers with Candy (2005),Comedy
Wordplay (2006),Documentary
Orchestra Rehearsal (Prova d'orchestra) (1978),Drama
Little Man (2006),Comedy
World Trade Center (2006),Drama
"Pursuit of Happyness, The (2006)",Drama
Half Nelson (2006),Drama
Accepted (2006),Comedy
The Queen (2006),Drama
Beerfest (2006),Comedy
Invincible (2006),Drama
"Chump at Oxford, A (1940)",Comedy
SherryBaby (2006),Drama
Fear City: A Family-Style Comedy (La cité de la peur) (1994),Comedy
"Woods, The (2006)",Horror
Gridiron Gang (2006),Drama
Land of Plenty (Angst and Alienation in America) (2004),Drama
"Bridge, The (2006)",Documentary
All the King's Men (2006),Drama
Borat: Cultural Learnings of America for Make Benefit Glorious Nation of Kazakhstan (2006),Comedy
Employee of the Month (2006),Comedy
Infamous (2006),Drama
Deliver Us from Evil (2006),Documentary
"U.S. vs. John Lennon, The (2006)",Documentary
Shut Up & Sing (2006),Documentary
For Your Consideration (2006),Comedy
Let's Go to Prison (2006),Comedy
Bobby (2006),Drama
Fast Food Nation (2006),Drama
"Nativity Story, The (2006)",Drama
Another Gay Movie (2006),Comedy
We Are Marshall (2006),Drama
Freedom Writers (2007),Drama
When the Levees Broke: A Requiem in Four Acts (2006),Documentary
Notes on a Scandal (2006),Drama
Miss Potter (2006),Drama
The Return of Don Camillo (1953),Comedy
The Little World of Don Camillo (1952),Comedy
After the Wedding (Efter brylluppet) (2006),Drama
Beer League (2006),Comedy
Dead Meat (2004),Horror
49 Up (2005),Documentary
Seven Up! (1964),Documentary
Cocaine Cowboys (2006),Documentary
"Astronaut Farmer, The (2007)",Drama
"Wake Up, Ron Burgundy (2004)",Comedy
Reno 911!: Miami (2007),Comedy
Black Snake Moan (2006),Drama
My Father and My Son (Babam ve oglum) (2005),Drama
Factory Girl (2006),Drama
Babylon 5: The Gathering (1993),Sci-Fi
Reign Over Me (2007),Drama
Pride (2007),Drama
Are We Done Yet? (2007),Comedy
American Hardcore (2006),Documentary
Mr. Bean's Holiday (2007),Comedy
Kickin It Old Skool (2007),Comedy
21 Up (1977),Documentary
Sharkwater (2006),Documentary
This Is England (2006),Drama
Away from Her (2006),Drama
Jonestown: The Life and Death of Peoples Temple (2006),Documentary
Them (Ils) (2006),Horror
"Valet, The (La doublure) (2006)",Comedy
Bring It On: All or Nothing (2006),Comedy
"Power of Nightmares, The: The Rise of the Politics of Fear (2004)",Documentary
Death at a Funeral (2007),Comedy
Manufactured Landscapes (2006),Documentary
Hot Rod (2007),Comedy
China Blue (2005),Documentary
Superbad (2007),Comedy
"Brice Man, The (Brice de Nice) (2005)",Comedy
Balls of Fury (2007),Comedy
Sydney White (2007),Comedy
Halloween (2007),Horror
"King of Kong, The (2007)",Documentary
"Brothers Solomon, The (2007)",Comedy
"Ten, The (2007)",Comedy
"4 Months, 3 Weeks and 2 Days (4 luni, 3 saptamâni si 2 zile) (2007)",Drama
No End in Sight (2007),Documentary
December Boys (2007),Drama
"Unreasonable Man, An (2006)",Documentary
Interview (2007),Drama
Mr. Woodcock (2007),Comedy
"Game Plan, The (2007)",Comedy
Elizabeth: The Golden Age (2007),Drama
"Comebacks, The (2007)",Comedy
Control (2007),Drama
"Last Winter, The (2006)",Horror
"Edge of Heaven, The (Auf der anderen Seite) (2007)",Drama
For the Bible Tells Me So (2007),Documentary
My Kid Could Paint That (2007),Documentary
King of California (2007),Comedy
"Diving Bell and the Butterfly, The (Scaphandre et le papillon, Le) (2007)",Drama
Be Kind Rewind (2008),Comedy
"Fugitive, The (1947)",Drama
Margot at the Wedding (2007),Drama
I'm Not There (2007),Drama
"Maxed Out: Hard Times, Easy Credit and the Era of Predatory Lenders (2006)",Documentary
Helvetica (2007),Documentary
"Kite Runner, The (2007)",Drama
Drained (O cheiro do Ralo) (2006),Comedy
Like Stars on Earth (Taare Zameen Par) (2007),Drama
Meet the Spartans (2008),Comedy
Strange Wilderness (2008),Comedy
Semi-Pro (2008),Comedy
Taxi to the Dark Side (2007),Documentary
College Road Trip (2008),Comedy
War Dance (2007),Documentary
"Love Guru, The (2008)",Comedy
City of Men (Cidade dos Homens) (2007),Drama
Heima (2007),Documentary
Snow Angels (2007),Drama
"Class, The (Klass) (2007)",Drama
Never Back Down (2008),Action
Drillbit Taylor (2008),Comedy
Zebraman (2004),Comedy
99 francs (2007),Comedy
Are You Scared? (2006),Horror
Baby Mama (2008),Comedy
Expelled: No Intelligence Allowed (2008),Documentary
American Pie Presents Beta House (American Pie 6: Beta House) (2007),Comedy
Nina's Heavenly Delights (2006),Comedy
"Bigger, Stronger, Faster* (2008)",Documentary
Recount (2008),Drama
You Don't Mess with the Zohan (2008),Comedy
Young People Fucking (a.k.a. YPF) (2007),Comedy
Gonzo: The Life and Work of Dr. Hunter S. Thompson (2008),Documentary
Encounters at the End of the World (2008),Documentary
Welcome to the Sticks (Bienvenue chez les Ch'tis) (2008),Comedy
Stargate: Continuum (2008),Sci-Fi
Step Brothers (2008),Comedy
Man on Wire (2008),Documentary
"Tracey Fragments, The (2007)",Drama
Frozen River (2008),Drama
Hamlet 2 (2008),Comedy
"House Bunny, The (2008)",Comedy
"Rocker, The (2008)",Comedy
I.O.U.S.A. (a.k.a. IOUSA) (2008),Documentary
Somers Town (2008),Drama
Disaster Movie (2008),Comedy
"Onion Movie, The (2008)",Comedy
John Adams (2008),Drama
Sunflower (Xiang ri kui) (2005),Drama
How to Lose Friends & Alienate People (2008),Comedy
"Sound of the Mountain (Thunder of the Mountain, The) (Yama no oto) (1954)",Drama
W. (2008),Drama
"Secret Life of Bees, The (2008)",Drama
"Wave, The (Welle, Die) (2008)",Drama
Tokyo-Ga (1985),Documentary
"Express, The (2008)",Drama
Babylon 5: The Legend of the Rangers: To Live and Die in Starlight (2002),Sci-Fi
Babylon 5: The Lost Tales - Voices in the Dark (2007),Sci-Fi
Role Models (2008),Comedy
Tokyo! (2008),Drama
Crows Zero (Kurôzu zero) (2007),Action
Sex Drive (2008),Comedy
"Class, The (Entre les murs) (2008)",Drama
Milk (2008),Drama
"Children, The (2008)",Horror
Four Christmases (2008),Comedy
Hunger (2008),Drama
"Pervert's Guide to Cinema, The (2006)",Documentary
Frost/Nixon (2008),Drama
Seven Pounds (2008),Drama
"Wrestler, The (2008)",Drama
Yes Man (2008),Comedy
Ben X (2007),Drama
Blackadder Back & Forth (1999),Comedy
Blackadder's Christmas Carol (1988),Comedy
Dear Zachary: A Letter to a Son About His Father (2008),Documentary
Zeitgeist: Addendum (2008),Documentary
Revenge of the Nerds III: The Next Generation (1992),Comedy
"11th Hour, The (2007)",Documentary
Departures (Okuribito) (2008),Drama
"Divo, Il (2008)",Drama
Friday the 13th (2009),Horror
"I Love You, Man (2009)",Comedy
Big Stan (2007),Comedy
Man on the Flying Trapeze (1935),Comedy
In the Loop (2009),Comedy
"Damned United, The (2009)",Drama
"Great Buck Howard, The (2008)",Comedy
Earth (2007),Documentary
Stanley Kubrick: A Life in Pictures (2001),Documentary
Crossing Over (2009),Drama
Balls Out: Gary the Tennis Coach (2009),Comedy
Powder Blue (2009),Drama
Fired Up (2009),Comedy
Home (2009),Documentary
My Sister's Keeper (2009),Drama
Brüno (Bruno) (2009),Comedy
9to5: Days in Porn (a.k.a. 9 to 5: Days in Porn) (2008),Documentary
Humpday (2009),Comedy
"Deal, The (2008)",Comedy
"Goods: Live Hard, Sell Hard, The (2009)",Comedy
Miss March (2009),Comedy
It Might Get Loud (2008),Documentary
My Life in Ruins (2009),Comedy
Taking Woodstock (2009),Comedy
If These Walls Could Talk (1996),Drama
"Most Hated Family in America, The (2007)",Documentary
Death of a Cyclist (Muerte de un ciclista) (1955),Drama
Extract (2009),Comedy
"Food, Inc. (2008)",Documentary
Blood Creek (a.k.a. Town Creek) (2009),Horror
Still Walking (Aruitemo aruitemo) (2008),Drama
"Cove, The (2009)",Documentary
"Invention of Lying, The (2009)",Comedy
Coco Before Chanel (Coco avant Chanel) (2009),Drama
Burma VJ: Reporting from a Closed Country (Burma VJ: Reporter i et lukket land) (2008),Documentary
"Misfortunates, The (De helaasheid der dingen) (2009)",Drama
"Tournament, The (2009)",Action
Gentlemen Broncos (2009),Comedy
"Private Lives of Pippa Lee, The (2009)",Drama
Precious (2009),Drama
Garage (2007),Drama
"Blind Side, The  (2009)",Drama
Shrink (2009),Drama
Old Dogs (2009),Comedy
Earthlings (2006),Documentary
"Single Man, A (2009)",Drama
Invictus (2009),Drama
"Peacekeeper, The (1997)",Action
American Pie Presents: The Book of Love (American Pie 7: The Book of Love) (2009),Comedy
Hachiko: A Dog's Story (a.k.a. Hachi: A Dog's Tale) (2009),Drama
Pekka ja Pätkä Suezilla (1958),Comedy
"Dennis the Menace Christmas, A (2007)",Comedy
Temple Grandin (2010),Drama
Motherhood (2009),Comedy
"Yes Men Fix the World, The (2009)",Documentary
Mike Bassett: England Manager (2001),Comedy
She's Out of My League (2010),Comedy
Little Ashes (2008),Drama
Our Family Wedding (2010),Comedy
Women in Trouble (2009),Comedy
Mondo Cane (1962),Documentary
"Slammin' Salmon, The (2009)",Comedy
Steam of Life (Miesten vuoro) (2010),Documentary
Wild China (2008),Documentary
Death at a Funeral (2010),Comedy
Disgrace (2008),Drama
"Human Centipede, The (First Sequence) (2009)",Horror
Three Men and a Cradle (3 hommes et un couffin) (1985),Comedy
Cargo (2009),Sci-Fi
Ricky Gervais Live: Animals (2003),Comedy
Get Him to the Greek (2010),Comedy
Ricky Gervais Live 3: Fame (2007),Comedy
Best Worst Movie (2009),Documentary
Enter the Void (2009),Drama
Endgame (2009),Drama
Empire of Dreams: The Story of the 'Star Wars' Trilogy (2004),Documentary
When You're Strange (2009),Documentary
Grown Ups (2010),Comedy
Dinner for Schmucks (2010),Comedy
Ip Man 2 (2010),Action
I Killed My Mother (J'ai tué ma mère) (2009),Drama
Princess (Prinsessa) (2010),Drama
"Social Network, The (2010)",Drama
Howl (2010),Drama
Wall Street: Money Never Sleeps (2010),Drama
You Again (2010),Comedy
Inside Job (2010),Documentary
Luck by Chance (2009),Drama
Waiting for 'Superman' (2010),Documentary
In a Better World (Hævnen) (2010),Drama
Due Date (2010),Comedy
Certified Copy (Copie conforme) (2010),Drama
Somewhere (2010),Drama
Biutiful (2010),Drama
"King's Speech, The (2010)",Drama
"Art of the Steal, The (2009)",Documentary
"Fighter, The (2010)",Drama
"Loved Ones, The (2009)",Horror
Vincent Wants to Sea (Vincent will meer) (2010),Drama
Barney's Version (2010),Drama
"Company Men, The (2010)",Drama
Trash Humpers (2009),Drama
Rabbit Hole (2010),Drama
One Week (1920),Comedy
Little Fockers (2010),Comedy
"Way Back, The (2010)",Drama
Marwencol (2010),Documentary
Happy People: A Year in the Taiga (2010),Documentary
Even the Rain (También la lluvia) (2010),Drama
Zeitgeist: Moving Forward (2011),Documentary
Girls About Town (1931),Comedy
Pekka ja Pätkä salapoliiseina (1957),Comedy
Cedar Rapids (2011),Comedy
Hall Pass (2011),Comedy
"Sunset Limited, The (2011)",Drama
Cave of Forgotten Dreams (2010),Documentary
"Big Mommas: Like Father, Like Son (2011)",Comedy
Senna (2010),Documentary
Diary of a Wimpy Kid: Rodrick Rules (2011),Comedy
Playing the Victim (Izobrazhaya zhertvu) (2006),Comedy
13 Assassins (Jûsan-nin no shikaku) (2010),Action
Connections (1978),Documentary
Into Eternity (2010),Documentary
Arthur (2011),Comedy
Louis C.K.: Hilarious (2010),Comedy
Louis C.K.: Chewed Up (2008),Comedy
Louis C.K.: Shameless (2007),Comedy
Mildred Pierce (2011),Drama
Voices from the List (2004),Documentary
Louis Theroux: Law & Disorder (2008),Documentary
Bridesmaids (2011),Comedy
"Tree of Life, The (2011)",Drama
"Hangover Part II, The (2011)",Comedy
Nothing to Declare (Rien à déclarer) (2010),Comedy
Across the Hall (2009),Thriller
American Grindhouse (2010),Documentary
Beginners (2010),Drama
Elektra Luxx (2010),Comedy
Mr. Popper's Penguins (2011),Comedy
Bad Teacher (2011),Comedy
Too Big to Fail (2011),Drama
Zookeeper (2011),Comedy
Between the Folds (2008),Documentary
Upside Down: The Creation Records Story (2010),Documentary
"Woman, The (2011)",Horror
Our Idiot Brother (2011),Comedy
SUBWAYStories: Tales from the Underground (1997),Drama
Terri (2011),Comedy
"Change-Up, The (2011)",Comedy
"Help, The (2011)",Drama
My Afternoons with Margueritte (La tête en friche) (2010),Comedy
"Very Harold & Kumar 3D Christmas, A (2011)",Comedy
Hesher (2010),Drama
Stake Land (2010),Horror
Bill Cunningham New York (2011),Documentary
"Skin I Live In, The (La piel que habito) (2011)",Drama
I Don't Know How She Does It (2011),Comedy
Moneyball (2011),Drama
Neds (2010),Drama
"Separation, A (Jodaeiye Nader az Simin) (2011)",Drama
Warrior (2011),Drama
"Ides of March, The (2011)",Drama
Gigi (1949),Comedy
Take Shelter (2011),Drama
Antonio Gaudí (1985),Documentary
Beautiful Boy (2010),Drama
Tyrannosaur (2011),Drama
Margaret (2011),Drama
Paranormal Activity 3 (2011),Horror
Puncture (2011),Drama
Shame (2011),Drama
Miss Representation (2011),Documentary
J. Edgar (2011),Drama
Starsuckers (2009),Documentary
Tomboy (2011),Drama
George Harrison: Living in the Material World (2011),Documentary
Jack and Jill (2011),Comedy
Into the Abyss (2011),Documentary
"Sitter, The (2011)",Comedy
Extremely Loud and Incredibly Close (2011),Drama
Friends with Kids (2011),Comedy
"Way South, The (De weg naar het zuiden) (1981)",Documentary
Being Elmo: A Puppeteer's Journey (2011),Documentary
"Iron Lady, The (2011)",Drama
Albatross (2011),Drama
Sacrifice (Zhao shi gu er) (2010),Drama
Contact High (2009),Comedy
Einstein and Eddington (2008),Drama
Grave Encounters (2011),Horror
Woman in Love (Rubbeldiekatz) (2011),Comedy
All Watched Over by Machines of Loving Grace (2011),Documentary
Louis C.K.: Live at the Beacon Theater (2011),Comedy
Prayers for Bobby (2009),Drama
"Women on the 6th Floor, The (Les Femmes du 6ème Étage) (2010)",Comedy
Project X (2012),Comedy
"Big Year, The (2011)",Comedy
Jiro Dreams of Sushi (2011),Documentary
Detachment (2011),Drama
Absentia (2011),Horror
American Reunion (American Pie 4) (2012),Comedy
"Three Stooges, The (2012)",Comedy
Comic-Con Episode IV: A Fan's Hope (2011),Documentary
Bully (2011),Documentary
Think Like a Man (2012),Comedy
"Lucky One, The (2012)",Drama
"Dictator, The (2012)",Comedy
Walking with Monsters (2005),Documentary
Wanderlust (2012),Comedy
Front of the Class (2008),Drama
To Rome with Love (2012),Comedy
First Position (2011),Documentary
"Firm, The (2009)",Drama
Spirit Camp (2009),Horror
2 Days in New York (2012),Comedy
"Immature, The (Immaturi) (2011)",Comedy
Sidewalls (Medianeras) (2011),Drama
Hands Over the City (Le mani sulla città) (1963),Drama
"Campaign, The (2012)",Comedy
"Queen of Versailles, The (2012)",Documentary
Broken (2012),Drama
6 Days to Air: The Making of South Park (2011),Documentary
Searching for Sugar Man (2012),Documentary
Paradise Lost 3: Purgatory (2011),Documentary
Samsara (2011),Documentary
That's My Boy (2012),Comedy
"Master, The (2012)",Drama
"Hunt, The (Jagten) (2012)",Drama
Marley (2012),Documentary
"Thing: Terror Takes Shape, The (1998)",Documentary
Side by Side (2012),Documentary
"Imposter, The (2012)",Documentary
"Sessions, The (Surrogate, The) (2012)",Drama
Flight (2012),Drama
Anna Karenina (2012),Drama
Indie Game: The Movie (2012),Documentary
Nature Calls (2012),Comedy
"Fantastic Fear of Everything, A (2012)",Comedy
Hitchcock (2012),Drama
"Guilt Trip, The (2012)",Comedy
This Is 40 (2012),Drama
Campfire Tales (1997),Horror
Parental Guidance (2012),Comedy
Promised Land (2012),Drama
Fish Story (Fisshu sutôrî) (2009),Comedy
Everything or Nothing: The Untold Story of 007 (2012),Documentary
Human Planet (2011),Documentary
Comme un chef (2012),Comedy
Movie 43 (2013),Comedy
"Pervert's Guide to Ideology, The (2012)",Documentary
Sightseers (2012),Comedy
Jim Jefferies: Fully Functional (EPIX) (2012),Comedy
"ABCs of Death, The (2012)",Horror
21 and Over (2013),Comedy
Frozen Planet (2011),Documentary
"Act of Killing, The (2012)",Documentary
Wadjda (2012),Drama
"Unintentional Kidnapping of Mrs. Elfriede Ott, The (Die Unabsichtliche Entführung der Frau Elfriede Ott) (2010)",Comedy
"Incredible Burt Wonderstone, The (2013)",Comedy
Phil Spector (2013),Drama
Evil Dead (2013),Horror
42 (2013),Drama
Bill Hicks: Revelations (1993),Comedy
"Great Gatsby, The (2013)",Drama
"Internship, The (2013)",Comedy
Mimino (1977),Comedy
"Hangover Part III, The (2013)",Comedy
Tie Xi Qu: West of the Tracks (Tiexi qu) (2003),Documentary
"Rink, The (1916)",Comedy
Behind the Candelabra (2013),Drama
As I Was Moving Ahead Occasionally I Saw Brief Glimpses of Beauty (2000),Documentary
With Great Power: The Stan Lee Story (2012),Documentary
"Kings of Summer, The (2013)",Comedy
20 Feet from Stardom (Twenty Feet from Stardom) (2013),Documentary
Schlussmacher (2013),Comedy
"Best Offer, The (Migliore offerta, La) (2013)",Thriller
Sharknado (2013),Sci-Fi
Class Act (1992),Comedy
Fruitvale Station (2013),Drama
Coffee Town (2013),Comedy
Blue Jasmine (2013),Drama
Louis C.K.: Oh My God (2013),Comedy
Alan Partridge: Alpha Papa (2013),Comedy
Grown Ups 2 (2013),Comedy
Blackfish (2013),Documentary
Jobs (2013),Drama
Lee Daniels' The Butler (2013),Drama
In a World... (2013),Comedy
Maria Bamford: The Special Special Special! (2012),Comedy
Short Term 12 (2013),Drama
"To Do List, The (2013)",Comedy
"Century of the Self, The (2002)",Documentary
UnHung Hero (2013),Documentary
12 Years a Slave (2013),Drama
Jackass Presents: Bad Grandpa (2013),Comedy
Dallas Buyers Club (2013),Drama
"Selfish Giant, The (2013)",Drama
Delivery Man (2013),Comedy
Inside Llewyn Davis (2013),Drama
Mandela: Long Walk to Freedom (2013),Drama
Tim's Vermeer (2013),Documentary
Anchorman 2: The Legend Continues (2013),Comedy
"Fuck You, Goethe (Fack Ju Göhte) (2013)",Comedy
High School (2010),Comedy
Grudge Match (2013),Comedy
Bad Karma (2012),Thriller
Hotel Chevalier (Part 1 of 'The Darjeeling Limited') (2007),Drama
Drift (2013),Drama
Nymphomaniac: Volume I (2013),Drama
Venus in Fur (La Vénus à la fourrure) (2013),Drama
Date and Switch (2014),Comedy
GLOW: The Story of the Gorgeous Ladies of Wrestling (2012),Documentary
Chouchou (2003),Comedy
Someone Marry Barry (2014),Comedy
Bring It On: Fight to the Finish (2009),Comedy
Welcome to the Jungle (2013),Comedy
Particle Fever (2013),Documentary
Bad Words (2013),Comedy
Son of God (2014),Drama
Ocho apellidos vascos (2014),Comedy
Me and you (io e te) (2012),Drama
Free to Play (2014),Documentary
"Unknown Known, The (2013)",Documentary
Oculus (2013),Horror
God's Not Dead (2014),Drama
Fading Gigolo (2013),Comedy
Locke (2013),Drama
Neighbors (2014),Comedy
Mom's Night Out (2014),Comedy
Walk of Shame (2014),Comedy
Blue Ruin (2013),Thriller
Chef (2014),Comedy
Blended (2014),Comedy
G.B.F. (2013),Comedy
Jimi: All Is by My Side (2013),Drama
Lilting (2014),Drama
Maps to the Stars (2014),Drama
Boyhood (2014),Drama
"Internet's Own Boy: The Story of Aaron Swartz, The (2014)",Documentary
Honey (Miele) (2013),Drama
Tammy (2014),Comedy
Whiplash (2014),Drama
Dawn of the Planet of the Apes (2014),Sci-Fi
Sex Tape (2014),Comedy
A Most Wanted Man (2014),Thriller
Felony (2013),Thriller
White Frog (2012),Drama
"Inbetweeners 2, The (2014)",Comedy
If I Stay (2014),Drama
"Two Days, One Night (Deux jours, une nuit) (2014)",Drama
"Guest, The (2014)",Thriller
Honeymoon (2014),Horror
The Skeleton Twins (2014),Drama
Beautiful Losers (2008),Documentary
Camp X-Ray (2014),Drama
Cesar Chavez (2014),Drama
Who Am I (Kein System Ist Sicher) (2014),Thriller
Annabelle (2014),Horror
"Judge, The (2014)",Drama
"Culture High, The (2014)",Documentary
St. Vincent (2014),Comedy
Leviathan (2014),Drama
Reign of Assassins (2010),Action
Tangerines (2013),Drama
Ski School (1991),Comedy
Dumb and Dumber To (2014),Comedy
Miss Meadows (2014),Drama
Too Many Cooks (2014),Comedy
Hello Ladies: The Movie (2014),Comedy
Watermark (2014),Documentary
Citizenfour (2014),Documentary
La Belle Verte (1996),Comedy
Still Alice (2014),Drama
Omega Doom (1996),Sci-Fi
Bring It On: In It To Win It (2007),Comedy
Fans (1999),Comedy
Selma (2014),Drama
Good Copy Bad Copy (2007),Documentary
National Lampoon's Bag Boy (2007),Comedy
Dave Chappelle: For What it's Worth (2004),Comedy
Mommy (2014),Drama
Wild (2014),Drama
Top Five (2014),Comedy
Bill Burr: I'm Sorry You Feel That Way (2014),Comedy
Big Eyes (2014),Drama
Bill Burr: You People Are All the Same (2012),Comedy
Corner Gas: The Movie (2014),Comedy
A Merry Friggin' Christmas (2014),Comedy
The Salt of the Earth (2014),Documentary
The Fool (2014),Drama
By the Law (1926),Drama
John Mulaney: New In Town (2012),Comedy
Patton Oswalt: My Weakness Is Strong (2009),Comedy
Houdini (2014),Drama
The Hungover Games (2014),Comedy
The Duke of Burgundy (2014),Drama
Red Army (2014),Documentary
It Follows (2014),Horror
Bill Burr: Let It Go (2010),Comedy
Bill Burr: Why Do I Do This? (2008),Comedy
Sebastian Maniscalco: What's Wrong with People? (2012),Comedy
Oblivion 2: Backlash (1996),Sci-Fi
Jim Jefferies: I Swear to God (2009),Comedy
Tornado! (1996),Action
Cake (2014),Drama
Kevin Smith: Too Fat For 40 (2010),Comedy
American Heist (2015),Action
The DUFF (2015),Comedy
Louis C.K.: Live at The Comedy Store (2015),Comedy
The End of the Tour (2015),Drama
Experimenter (2015),Drama
Mistress America (2015),Comedy
Kurt Cobain: Montage of Heck (2015),Documentary
Going Clear: Scientology and the Prison of Belief (2015),Documentary
"What Happened, Miss Simone? (2015)",Documentary
A Story of Children and Film (2013),Documentary
"Story of Film: An Odyssey, The (2011)",Documentary
Eden (2014),Drama
The D Train (2015),Comedy
Me and Earl and the Dying Girl (2015),Drama
The Overnight (2015),Comedy
The Loft (2014),Thriller
Kevin Hart: I'm a Grown Little Man (2009),Comedy
Jim Norton: American Degenerate (2013),Comedy
Jim Jefferies: BARE (2014),Comedy
Patton Oswalt: Tragedy Plus Comedy Equals Time (2014),Comedy
The Wedding Ringer (2015),Comedy
I'm Here (2010),Drama
Crimson Peak (2015),Horror
Chris Rock: Bigger & Blacker (1999),Comedy
The Natural Love (1996),Documentary
The Forgotten Space (2010),Documentary
Tom Segura: Completely Normal (2014),Comedy
Eddie Izzard: Glorious (1997),Comedy
Reality (2014),Comedy
George Carlin: It's Bad for Ya! (2008),Comedy
Tracers (2015),Action
"McFarland, USA (2015)",Drama
Unfinished Business (2015),Comedy
La vérité si je mens ! (1997),Comedy
George Carlin: Life Is Worth Losing (2005),Comedy
Legend No. 17 (2013),Drama
That Sugar Film (2014),Documentary
What Men Talk About (2010),Comedy
Kill Me Three Times (2014),Thriller
Reckless Kelly (1994),Comedy
The Jinx: The Life and Deaths of Robert Durst (2015),Documentary
Libre et assoupi (2014),Comedy
Woman in Gold (2015),Drama
Iliza Shlesinger: Freezing Hot (2015),Comedy
The Malibu Bikini Shop (1986),Comedy
Breathe (2014),Drama
Comedy Central Roast of James Franco (2013),Comedy
We Could Be King (2014),Documentary
Pitch Perfect 2 (2015),Comedy
Carry On Don't Lose Your Head (1966),Comedy
Radio Day (2008),Comedy
Return to Sender (2015),Thriller
Elections Day (2007),Comedy
Youth (2015),Drama
Hot Girls Wanted (2015),Documentary
The Taming of the Scoundrel (1980),Comedy
Phir Hera Pheri (2006),Comedy
Turtle Power: The Definitive History of the Teenage Mutant Ninja Turtles (2014),Documentary
Entourage (2015),Comedy
Bitter Lake (2015),Documentary
No Way Jose (2015),Comedy
Ghost Graduation (2012),Comedy
The Wolfpack (2015),Documentary
Love & Mercy (2014),Drama
Bruce Lee: A Warrior's Journey (2000),Documentary
Five Element Ninjas (1982),Action
Ted 2 (2015),Comedy
Gabriel Iglesias: Hot and Fluffy (2007),Comedy
George Carlin: Back in Town (1996),Comedy
George Carlin: You Are All Diseased (1999),Comedy
Larry David: Curb Your Enthusiasm (1999),Comedy
Jeff Dunham: All Over the Map (2014),Comedy
The FP (2012),Comedy
Steve Jobs (2015),Drama
Macbeth (2015),Drama
The Face of an Angel (2015),Drama
Search Party (2014),Comedy
Careful What You Wish For (2015),Thriller
The Eye: Infinity (2005),Horror
Mortuary (1983),Horror
April Morning (1988),Drama
Amy (2015),Documentary
7 Days in Hell (2015),Comedy
13 Hours (2016),Drama
The Opposite Sex (2014),Comedy
Joe Dirt 2: Beautiful Loser (2015),Comedy
Exte: Hair Extensions (2007),Horror
Colonia (2016),Thriller
Always Watching: A Marble Hornets Story (2015),Horror
Madly in Love (1981),Comedy
The Intern (2015),Comedy
Room (2015),Drama
The Runner (2015),Drama
George Carlin: Jammin' in New York (1992),Comedy
The Witch (2015),Horror
Straight Outta Compton (2015),Drama
Invincible Shaolin (1978),Action
Suffragette (2015),Drama
Fort Tilden (2014),Comedy
War Room (2015),Drama
The Danish Girl (2015),Drama
Old Men: Robbers (1971),Comedy
It Can't Be! (1975),Comedy
Steve Jobs: The Man in the Machine (2015),Documentary
Oscar (1967),Comedy
The Blue Planet (2001),Documentary
Demolition (2016),Drama
The Night Before (2015),Comedy
Spotlight (2015),Thriller
Pawn Sacrifice (2015),Drama
Burnt (2015),Drama
If I Were a Rich Man (2002),Comedy
Last Shift (2014),Horror
"F*ck You, Goethe 2 (2015)",Comedy
Garam Masala (2005),Comedy
Human (2015),Documentary
"Hail, Caesar! (2016)",Comedy
How To Change The World (2015),Documentary
Er ist wieder da (2015),Comedy
Just Eat It: A Food Waste Story (2014),Documentary
Bros Before Hos (2013),Comedy
Rock the Kasbah (2015),Comedy
Nowitzki: The Perfect Shot (2014),Documentary
Trumbo (2015),Drama
Idaho Transfer (1973),Sci-Fi
Concussion (2015),Drama
Formula of Love (1984),Comedy
Blue Mountain State: The Rise of Thadland (2015),Comedy
Creed (2015),Drama
Twinsters (2015),Documentary
Le Maître d'école (1981),Comedy
What Men Still Talk About (2011),Comedy
Doctor Who: A Christmas Carol (2010),Sci-Fi
Doctor Who: The Runaway Bride (2007),Sci-Fi
Masked Avengers (1981),Action
Hitchcock/Truffaut (2015),Documentary
A Very Murray Christmas (2015),Comedy
Truth (2015),Drama
Just Jim (2015),Comedy
"Big Short, The (2015)",Drama
Applesauce (2015),Comedy
John Mulaney: The Comeback Kid (2015),Comedy
Mojave (2015),Thriller
Zoolander 2 (2016),Comedy
Devil Dog: The Hound of Hell (1978),Horror
Daddy's Home (2015),Comedy
Standoff (2016),Thriller
The Devil's Candy (2015),Horror
Moonwalkers (2015),Comedy
Tomorrow (2015),Documentary
Wiener-Dog (2016),Comedy
Maggie's Plan (2015),Comedy
Eddie the Eagle (2016),Comedy
Exposed (2016),Drama
Stonewall (2015),Drama
Dirty Grandpa (2016),Comedy
Requiem for the American Dream (2015),Documentary
Race (2016),Drama
10 Cloverfield Lane (2016),Thriller
Desierto (2016),Drama
The Brothers Grimsby (2016),Comedy
Dad's Army (1971),Comedy
Michael Jackson's Thriller (1983),Horror
The Wait (2015),Drama
Southbound (2016),Horror
Ip Man 3 (2015),Action
Who Killed Chea Vichea? (2010),Documentary
Dad's Army (2016),Comedy
The Barkley Marathons: The Race That Eats Its Young (2015),Documentary
Fraktus (2012),Comedy
My Big Fat Greek Wedding 2 (2016),Comedy
Get a Job (2016),Comedy
Keanu (2016),Comedy
Me Him Her (2015),Comedy
Everybody Wants Some (2016),Comedy
Sing Street (2016),Drama
Neighbors 2: Sorority Rising (2016),Comedy
Hush (2016),Thriller
Jimmy Carr: Telling Jokes (2009),Comedy
Jimmy Carr: Making People Laugh (2010),Comedy
The Man Who Knew Infinity (2016),Drama
Barbershop: The Next Cut (2016),Comedy
The Boss (2016),Comedy
Kicking Off (2016),Comedy
Buck Rogers in the 25th Century (1979),Sci-Fi
World of Glory (1991),Comedy
The Crew (2016),Action
My Scientology Movie (2016),Documentary
Captain Fantastic (2016),Drama
Toni Erdmann (2016),Drama
Comedy of the Strict Regime (1993),Comedy
The Do-Over (2016),Comedy
Death Smiles on a Murderer (1973),Horror
The Fundamentals of Caring (2016),Drama
Popstar: Never Stop Never Stopping (2016),Comedy
Planet Earth (2006),Documentary
Bo Burnham: Make Happy (2016),Comedy
The Conjuring 2 (2016),Horror
Pelé: Birth of a Legend (2016),Drama
O.J.: Made in America (2016),Documentary
Genius (2016),Drama
Jason Bourne (2016),Action
The Maid's Room (2014),Thriller
Mike & Dave Need Wedding Dates (2016),Comedy
Lights Out (2016),Horror
Indignation (2016),Drama
Goat (2016),Drama
Marauders (2016),Action
Satanic (2016),Horror
Sully (2016),Drama
Jim Jefferies: Freedumb (2016),Comedy
Webmaster (1998),Sci-Fi
War Dogs (2016),Comedy
Vigilante Diaries (2016),Action
Bad Moms (2016),Comedy
Don't Breathe (2016),Thriller
The Edge of Seventeen (2016),Comedy
Elle (2016),Thriller
Tom Segura: Mostly Stories (2016),Comedy
Moonlight,Drama
Deepwater Horizon (2016),Drama
The Girl on the Train (2016),Thriller
Comedy Central Roast of David Hasselhoff (2010),Comedy
David Cross: Making America Great Again (2016),Comedy
31 (2016),Horror
Arrival (2016),Sci-Fi
All Roads Lead to Rome (2016),Comedy
Amanda Knox (2016),Documentary
Gimme Danger (2016),Documentary
13th (2016),Documentary
London Town (2016),Drama
Keeping Up with the Joneses (2016),Comedy
Wild Oats (2016),Comedy
Joe Rogan: Triggered (2016),Comedy
Flowers for Algernon (2000),Drama
Manchester by the Sea (2016),Drama
Lion (2016),Drama
The Thinning (2016),Thriller
Bad Santa 2 (2016),Comedy
Ice Guardians (2016),Documentary
Risk (2016),Documentary
HyperNormalisation (2016),Documentary
Office Christmas Party (2016),Comedy
Miss Sloane (2016),Thriller
Hidden Figures (2016),Drama
Fences (2016),Drama
The Founder (2016),Drama
Why Him? (2016),Comedy
I Am Not Your Negro (2017),Documentary
Iron Man (1931),Drama
Microwave Massacre (1983),Horror
Fist Fight (2017),Comedy
Shakespeare Behind Bars (2005),Documentary
"Dana Carvey: Straight White Male, 60 (2016)",Comedy
Joe Rogan: Live (2006),Comedy
Jim Gaffigan: Cinco (2017),Comedy
Get Out (2017),Horror
100 Streets (2016),Drama
Mudbound (2017),Drama
Bill Burr: Walk Your Way Out (2017),Comedy
Neal Brennan: 3 Mics (2017),Comedy
American Fable (2017),Thriller
The Void (2016),Horror
Guyver: Dark Hero (1994),Sci-Fi
Denis Leary: No Cure for Cancer (1993),Comedy
Dave Chappelle: The Age of Spin (2017),Comedy
Dave Chappelle: Deep in the Heart of Texas (2017),Comedy
The Quiet Family (1998),Comedy
Gifted (2017),Drama
Sandy Wexler (2017),Comedy
Betting on Zero (2016),Documentary
Win It All (2017),Comedy
Planet Earth II (2016),Documentary
The Hero (2017),Drama
"Nobody Speak: Hulk Hogan, Gawker and Trials of a Free Press (2017)",Documentary
Robin Williams: Live on Broadway (2002),Comedy
The Death of Louis XIV (2016),Drama
Munna bhai M.B.B.S. (2003),Comedy
Stefan Zweig: Farewell to Europe (2016),Drama
Saved by the Bell: Hawaiian Style (1992),Comedy
The Night Before (1988),Comedy
Late Night with Conan O'Brien: The Best of Triumph the Insult Comic Dog (2004),Comedy
Get Me Roger Stone (2017),Documentary
Tickling Giants (2017),Documentary
The Square (2017),Drama
The Meyerowitz Stories (2017),Comedy
Tokyo Idols (2017),Documentary
Vir Das: Abroad Understanding (2017),Comedy
"Norm Macdonald: Hitler's Dog, Gossip & Trickery (2017)",Comedy
Shadow World (2016),Documentary
Tiger Raid (2016),Thriller
Atomic Blonde (2017),Thriller
Empties (2007),Comedy
Goon: Last of the Enforcers (2017),Comedy
Obsession (1965),Comedy
"Oh, Hello: On Broadway (2017)",Comedy
Don Camillo in Moscow (1965),Comedy
The House (2017),Comedy
Logan Lucky (2017),Comedy
Annabelle: Creation (2017),Horror
It (2017),Horror
Rory Scovel Tries Stand-Up for the First Time (2017),Comedy
A German Life (2016),Documentary
Self-criticism of a Bourgeois Dog (2017),Comedy
Der Herr Karl (1961),Comedy
Ari Shaffir: Double Negative (2017),Comedy
Blade Runner 2049 (2017),Sci-Fi
Bliss (2012),Drama
Icarus (2017),Documentary
Geostorm (2017),Action
Maz Jobrani: Immigrant (2017),Comedy
Lady Bird (2017),Comedy
"I, Tonya (2017)",Drama
Adventures in Plymptoons! (2011),Documentary
Gaga: Five Foot Two (2017),Documentary
Dave Chappelle: Killin' Them Softly (2000),Comedy
Male Hunt (1964),Comedy
The Death of Stalin (2017),Comedy
Blue Planet II (2017),Documentary
Christina P: Mother Inferior (2017),Comedy
Dane Cook: Troublemaker (2014),Comedy
Wonder Wheel (2017),Drama
LBJ (2017),Drama
A Bad Moms Christmas (2017),Comedy
Molly's Game (2017),Drama
Wonder (2017),Drama
Jim & Andy: The Great Beyond (2017),Documentary
Die Frauen von Ravensbrück (2005),Documentary
The Greatest Showman (2017),Drama
Jack Whitehall: At Large (2017),Comedy
Lynne Koplitz: Hormonal Beast (2017),Comedy
Craig Ferguson: Tickle Fight (2017),Comedy
Judd Apatow: The Return (2017),Comedy
The Purple Sea (2009),Drama
Dave Chappelle: Equanimity (2017),Comedy
Quest (2017),Documentary
Dave Chappelle: The Bird Revelation (2017),Comedy
The Clapper (2018),Comedy
Tom Segura: Disgraceful (2018),Comedy
When We First Met (2018),Comedy
De platte jungle (1978),Documentary
Fred Armisen: Standup for Drummers (2018),Comedy
Blockers (2018),Comedy
Won't You Be My Neighbor? (2018),Documentary
Tag (2018),Comedy
Spiral (2018),Documentary
Jeff Ross Roasts the Border (2017),Comedy
John From (2015),Drama
Liquid Truth (2017),Drama
Hommage à Zgougou (et salut à Sabine Mamou) (2002),Documentary
Jon Stewart Has Left the Building (2015),Documentary
Flint (2017),Drama
Andrew Dice Clay: Dice Rules (1991),Comedy
